filename,filer_name,filer_cik,filing_date,filing_type,entity_name,entity_cik,entity_ticker,relationships,relationship_counts,context_count,sections,materiality_indicators,monetary_values,source_filing,bidirectional
0000012208-25-000007.txt_mentions_sartorius-ag-adr_supplier-mentioned-customer-investment.txt,"BIO-RAD LABORATORIES, INC.",0000012208,2024-12-31,10-K,Sartorius AG/ADR,1715801,SOAGY,"supplier,mentioned,customer,investment","supplier:2,mentioned:5,customer:1,investment:1",9,"risk-factors,unknown",,$2.68 billion; $1.26 billion; $12.5 million; $6.8 million; 2.68 billion ; 1.26 billion ; 12.5 million ; 6.8 million ; $90.3 million; $106.5 million; 90.3 million ; 106.5 million ,resources/filings_large_sample/0000012208-25-000007.txt,false
0000012208-25-000007.txt_mentions_nio-inc_mentioned.txt,"BIO-RAD LABORATORIES, INC.",0000012208,2024-12-31,10-K,NIO Inc.,1736541,NIO,mentioned,mentioned:1,1,unknown,,,resources/filings_large_sample/0000012208-25-000007.txt,false
0000012208-25-000007.txt_mentions_qiagen-n-v_mentioned.txt,"BIO-RAD LABORATORIES, INC.",0000012208,2024-12-31,10-K,QIAGEN N.V.,1015820,QGEN,mentioned,mentioned:1,1,unknown,major,,resources/filings_large_sample/0000012208-25-000007.txt,false
0000025232-24-000004.txt_mentions_morgan-stanley_mentioned.txt,COUSINS PROPERTIES INC,0000025232,2023-12-31,10-K,MORGAN STANLEY,895421,MS-PQ,mentioned,mentioned:1,1,unknown,,,resources/filings_large_sample/0000025232-24-000004.txt,false
0000025232-24-000004.txt_mentions_amazon-com-inc_mentioned.txt,COUSINS PROPERTIES INC,0000025232,2023-12-31,10-K,AMAZON COM INC,1018724,AMZN,mentioned,mentioned:1,1,unknown,,"$ 59,942 ",resources/filings_large_sample/0000025232-24-000004.txt,false
0000025232-24-000004.txt_mentions_meta-platforms-inc_mentioned.txt,COUSINS PROPERTIES INC,0000025232,2023-12-31,10-K,"Meta Platforms, Inc.",1326801,META,mentioned,mentioned:1,1,unknown,,"$ 59,942 ",resources/filings_large_sample/0000025232-24-000004.txt,false
0000025232-24-000004.txt_mentions_canadian-pacific-kansas-city-ltd-cn_partner.txt,COUSINS PROPERTIES INC,0000025232,2023-12-31,10-K,CANADIAN PACIFIC KANSAS CITY LTD/CN,16875,CP,partner,partner:1,1,unknown,,,resources/filings_large_sample/0000025232-24-000004.txt,false
0000027419-23-000015.txt_mentions_apple-inc_partner-mentioned.txt,TARGET CORP,0000027419,2023-01-28,10-K,Apple Inc.,320193,AAPL,"partner,mentioned","partner:1,mentioned:1",2,unknown,,,resources/filings_large_sample/0000027419-23-000015.txt,false
0000027419-23-000015.txt_mentions_amazon-com-inc_mentioned.txt,TARGET CORP,0000027419,2023-01-28,10-K,AMAZON COM INC,1018724,AMZN,mentioned,mentioned:1,1,unknown,,,resources/filings_large_sample/0000027419-23-000015.txt,false
0000027419-23-000015.txt_mentions_best-buy-co-inc_mentioned.txt,TARGET CORP,0000027419,2023-01-28,10-K,BEST BUY CO INC,764478,BBY,mentioned,mentioned:1,1,unknown,,,resources/filings_large_sample/0000027419-23-000015.txt,false
0000034903-23-000020.txt_mentions_tesla-inc_mentioned.txt,FEDERAL REALTY INVESTMENT TRUST,0000034903,2022-12-31,10-K,"Tesla, Inc.",1318605,TSLA,mentioned,mentioned:1,1,unknown,,$26.68 ; $49.05 ,resources/filings_large_sample/0000034903-23-000020.txt,false
0000034903-23-000020.txt_mentions_apple-inc_mentioned.txt,FEDERAL REALTY INVESTMENT TRUST,0000034903,2022-12-31,10-K,Apple Inc.,320193,AAPL,mentioned,mentioned:1,1,unknown,,$21.21 ; $56.39 ; $41.60 ,resources/filings_large_sample/0000034903-23-000020.txt,false
0000034903-23-000020.txt_mentions_porsche-automobil-holding-se-adr_mentioned.txt,FEDERAL REALTY INVESTMENT TRUST,0000034903,2022-12-31,10-K,Porsche Automobil Holding SE / ADR,1450346,POAHF,mentioned,mentioned:1,1,unknown,,$19.04 ; $42.68 ,resources/filings_large_sample/0000034903-23-000020.txt,false
0000040729-25-000006.txt_mentions_stellantis-n-v_customer-investment-mentioned.txt,Ally Financial Inc.,0000040729,2024-12-31,10-K,Stellantis N.V.,1605484,STLA,"customer,investment,mentioned","customer:4,investment:1,mentioned:1",6,"unknown,signatures",significant,,resources/filings_large_sample/0000040729-25-000006.txt,false
0000040729-25-000006.txt_mentions_toyota-motor-corp_mentioned.txt,Ally Financial Inc.,0000040729,2024-12-31,10-K,TOYOTA MOTOR CORP/,1094517,TOYOF,mentioned,mentioned:4,3,unknown,significant,,resources/filings_large_sample/0000040729-25-000006.txt,false
0000040729-25-000006.txt_mentions_tesla-inc_mentioned.txt,Ally Financial Inc.,0000040729,2024-12-31,10-K,"Tesla, Inc.",1318605,TSLA,mentioned,mentioned:1,1,unknown,,,resources/filings_large_sample/0000040729-25-000006.txt,false
0000040729-25-000006.txt_mentions_ford-motor-co_mentioned.txt,Ally Financial Inc.,0000040729,2024-12-31,10-K,FORD MOTOR CO,37996,F-PB,mentioned,mentioned:1,1,unknown,,,resources/filings_large_sample/0000040729-25-000006.txt,false
0000040729-25-000006.txt_mentions_honda-motor-co-ltd_mentioned.txt,Ally Financial Inc.,0000040729,2024-12-31,10-K,HONDA MOTOR CO LTD,715153,HMC,mentioned,mentioned:1,1,unknown,,,resources/filings_large_sample/0000040729-25-000006.txt,false
0000040729-25-000006.txt_mentions_ubs-group-ag_acquisition.txt,Ally Financial Inc.,0000040729,2024-12-31,10-K,UBS Group AG,1610520,UBS,acquisition,acquisition:1,1,signatures,,,resources/filings_large_sample/0000040729-25-000006.txt,false
0000045876-23-000009.txt_mentions_mitsubishi-gas-chemical-company-inc-adr_mentioned.txt,HARSCO CORP,0000045876,2022-12-31,10-K,"Mitsubishi Gas Chemical Company, Inc./ADR",2079706,MBGCF,mentioned,mentioned:2,1,unknown,,,resources/filings_large_sample/0000045876-23-000009.txt,false
0000052827-23-000035.txt_mentions_credit-suisse-ag_mentioned.txt,RAYONIER INC,0000052827,2022-12-31,10-K,CREDIT SUISSE AG,1053092,USOI,mentioned,mentioned:1,1,unknown,,,resources/filings_large_sample/0000052827-23-000035.txt,false
0000052827-23-000035.txt_mentions_pacific-airport-group_partner.txt,RAYONIER INC,0000052827,2022-12-31,10-K,Pacific Airport Group,1347557,PAC,partner,partner:1,1,unknown,,,resources/filings_large_sample/0000052827-23-000035.txt,false
0000052827-23-000035.txt_mentions_rayonier-advanced-materials-inc_mentioned.txt,RAYONIER INC,0000052827,2022-12-31,10-K,RAYONIER ADVANCED MATERIALS INC.,1597672,RYAM,mentioned,mentioned:1,1,unknown,,,resources/filings_large_sample/0000052827-23-000035.txt,false
0000052827-23-000035.txt_mentions_weyerhaeuser-co_mentioned.txt,RAYONIER INC,0000052827,2022-12-31,10-K,WEYERHAEUSER CO,106535,WY,mentioned,mentioned:1,1,unknown,,,resources/filings_large_sample/0000052827-23-000035.txt,false
0000052827-23-000035.txt_mentions_csx-corp_mentioned.txt,RAYONIER INC,0000052827,2022-12-31,10-K,CSX CORP,277948,CSX,mentioned,mentioned:1,1,unknown,,,resources/filings_large_sample/0000052827-23-000035.txt,false
0000060086-25-000036.txt_mentions_cna-financial-corp_affiliate-partner.txt,LOEWS CORP,0000060086,2024-12-31,10-K,CNA FINANCIAL CORP,21175,CNA,"affiliate,partner","affiliate:1,partner:1",2,unknown,,,resources/filings_large_sample/0000060086-25-000036.txt,false
0000060086-25-000036.txt_mentions_ni-holdings-inc_mentioned.txt,LOEWS CORP,0000060086,2024-12-31,10-K,"NI Holdings, Inc.",1681206,NODK,mentioned,mentioned:1,1,unknown,,$2.2 billion; 2.2 billion ,resources/filings_large_sample/0000060086-25-000036.txt,false
0000060086-25-000036.txt_mentions_forestar-group-inc_partner.txt,LOEWS CORP,0000060086,2024-12-31,10-K,Forestar Group Inc.,1406587,FOR,partner,partner:1,1,unknown,,,resources/filings_large_sample/0000060086-25-000036.txt,false
0000060086-25-000036.txt_mentions_chubb-ltd_investment.txt,LOEWS CORP,0000060086,2024-12-31,10-K,Chubb Ltd,896159,CB,investment,investment:1,1,unknown,principal,,resources/filings_large_sample/0000060086-25-000036.txt,false
0000060086-25-000036.txt_mentions_energy-transfer-lp_mentioned.txt,LOEWS CORP,0000060086,2024-12-31,10-K,Energy Transfer LP,1276187,ET,mentioned,mentioned:1,1,unknown,,,resources/filings_large_sample/0000060086-25-000036.txt,false
0000062709-23-000014.txt_mentions_westpac-banking-corp_mentioned.txt,"MARSH & MCLENNAN COMPANIES, INC.",0000062709,2022-12-31,10-K,WESTPAC BANKING CORP,719245,WEBNF,mentioned,mentioned:1,1,unknown,,,resources/filings_large_sample/0000062709-23-000014.txt,false
0000070866-23-000008.txt_mentions_infosys-ltd_mentioned.txt,NCR CORP,0000070866,2022-12-31,10-K,Infosys Ltd,1067491,INFY,mentioned,mentioned:2,2,unknown,,,resources/filings_large_sample/0000070866-23-000008.txt,false
0000070866-23-000008.txt_mentions_aci-worldwide-inc_customer.txt,NCR CORP,0000070866,2022-12-31,10-K,"ACI WORLDWIDE, INC.",935036,ACIW,customer,customer:1,1,unknown,,,resources/filings_large_sample/0000070866-23-000008.txt,false
0000070866-23-000008.txt_mentions_rockwell-automation-inc_mentioned.txt,NCR CORP,0000070866,2022-12-31,10-K,"ROCKWELL AUTOMATION, INC",1024478,ROK,mentioned,mentioned:1,1,unknown,,,resources/filings_large_sample/0000070866-23-000008.txt,false
0000070866-23-000008.txt_mentions_intel-corp_mentioned.txt,NCR CORP,0000070866,2022-12-31,10-K,INTEL CORP,50863,INTC,mentioned,mentioned:1,1,unknown,,,resources/filings_large_sample/0000070866-23-000008.txt,false
0000070866-23-000008.txt_mentions_microsoft-corp_mentioned.txt,NCR CORP,0000070866,2022-12-31,10-K,MICROSOFT CORP,789019,MSFT,mentioned,mentioned:1,1,unknown,,,resources/filings_large_sample/0000070866-23-000008.txt,false
0000070866-23-000008.txt_mentions_ncr-atleos-corp_mentioned.txt,NCR CORP,0000070866,2022-12-31,10-K,NCR Atleos Corp,1974138,NATL,mentioned,mentioned:1,1,unknown,,,resources/filings_large_sample/0000070866-23-000008.txt,false
0000081018-24-000006.txt_mentions_aurora-mobile-ltd_mentioned.txt,PUBLIC SERVICE CO OF COLORADO,0000081018,2023-12-31,10-K,Aurora Mobile Ltd,1737339,JG,mentioned,mentioned:1,1,unknown,,,resources/filings_large_sample/0000081018-24-000006.txt,false
0000081018-24-000006.txt_mentions_xcel-energy-inc_mentioned.txt,PUBLIC SERVICE CO OF COLORADO,0000081018,2023-12-31,10-K,XCEL ENERGY INC,72903,XELLL,mentioned,mentioned:1,1,unknown,,,resources/filings_large_sample/0000081018-24-000006.txt,false
0000081018-24-000006.txt_mentions_barclays-bank-plc_mentioned.txt,PUBLIC SERVICE CO OF COLORADO,0000081018,2023-12-31,10-K,BARCLAYS BANK PLC,312070,VXX,mentioned,mentioned:1,1,unknown,,,resources/filings_large_sample/0000081018-24-000006.txt,false
0000088121-24-000025.txt_mentions_s-p-global-inc_customer.txt,SEABOARD CORP /DE/,0000088121,2023-12-31,10-K,S&P Global Inc.,64040,SPGI,customer,customer:1,1,unknown,,,resources/filings_large_sample/0000088121-24-000025.txt,false
0000091576-25-000038.txt_mentions_asa-gold-precious-metals-ltd_partner.txt,KEYCORP /NEW/,0000091576,2024-12-31,10-K,ASA Gold & Precious Metals Ltd,1230869,ASA,partner,partner:2,2,unknown,,,resources/filings_large_sample/0000091576-25-000038.txt,false
0000091576-25-000038.txt_mentions_truist-financial-corp_mentioned.txt,KEYCORP /NEW/,0000091576,2024-12-31,10-K,TRUIST FINANCIAL CORP,92230,TFC,mentioned,mentioned:1,1,unknown,,,resources/filings_large_sample/0000091576-25-000038.txt,false
0000101829-25-000005.txt_mentions_boeing-co_mentioned-customer.txt,RTX Corp,0000101829,2024-12-31,10-K,BOEING CO,12927,BA,"mentioned,customer","mentioned:3,customer:1",4,unknown,"major,significant,largest",,resources/filings_large_sample/0000101829-25-000005.txt,false
0000101829-25-000005.txt_mentions_voya-asia-pacific-high-dividend-equity-income-fund_mentioned.txt,RTX Corp,0000101829,2024-12-31,10-K,Voya Asia Pacific High Dividend Equity Income Fund,1385632,IAE,mentioned,mentioned:1,1,unknown,,,resources/filings_large_sample/0000101829-25-000005.txt,false
0000101829-25-000005.txt_mentions_lockheed-martin-corp_mentioned.txt,RTX Corp,0000101829,2024-12-31,10-K,LOCKHEED MARTIN CORP,936468,LMT,mentioned,mentioned:1,1,unknown,,,resources/filings_large_sample/0000101829-25-000005.txt,false
0000103730-23-000013.txt_mentions_broadcom-inc_mentioned.txt,VISHAY INTERTECHNOLOGY INC,0000103730,2022-12-31,10-K,Broadcom Inc.,1730168,AVGO,mentioned,mentioned:1,1,business,,,resources/filings_large_sample/0000103730-23-000013.txt,false
0000103730-23-000013.txt_mentions_vishay-precision-group-inc_mentioned.txt,VISHAY INTERTECHNOLOGY INC,0000103730,2022-12-31,10-K,"Vishay Precision Group, Inc.",1487952,VPG,mentioned,mentioned:1,1,supply-chain,,,resources/filings_large_sample/0000103730-23-000013.txt,false
0000103730-23-000013.txt_mentions_tower-semiconductor-ltd_mentioned.txt,VISHAY INTERTECHNOLOGY INC,0000103730,2022-12-31,10-K,TOWER SEMICONDUCTOR LTD,928876,TSEM,mentioned,mentioned:1,1,commitments,,,resources/filings_large_sample/0000103730-23-000013.txt,false
0000732717-25-000013.txt_mentions_tel-instrument-electronics-corp_affiliate-mentioned.txt,AT&T INC.,0000732717,2024-12-31,10-K,TEL INSTRUMENT ELECTRONICS CORP,96885,TIKK,"affiliate,mentioned","affiliate:1,mentioned:3",4,unknown,,"$2,250 ; $2,000 ; $5,250 ",resources/filings_large_sample/0000732717-25-000013.txt,false
0000732717-25-000013.txt_mentions_microsoft-corp_mentioned.txt,AT&T INC.,0000732717,2024-12-31,10-K,MICROSOFT CORP,789019,MSFT,mentioned,mentioned:2,1,unknown,,,resources/filings_large_sample/0000732717-25-000013.txt,false
0000732717-25-000013.txt_mentions_crown-castle-inc_mentioned.txt,AT&T INC.,0000732717,2024-12-31,10-K,CROWN CASTLE INC.,1051470,CCI,mentioned,mentioned:1,1,unknown,,,resources/filings_large_sample/0000732717-25-000013.txt,false
0000732717-25-000013.txt_mentions_athene-holding-ltd_mentioned.txt,AT&T INC.,0000732717,2024-12-31,10-K,Athene Holding Ltd.,1527469,ATH-PD,mentioned,mentioned:1,1,unknown,,"$8,067 ",resources/filings_large_sample/0000732717-25-000013.txt,false
0000732717-25-000013.txt_mentions_t-mobile-us-inc_mentioned.txt,AT&T INC.,0000732717,2024-12-31,10-K,"T-Mobile US, Inc.",1283699,TMUSI,mentioned,mentioned:1,1,unknown,,"$1,000, ",resources/filings_large_sample/0000732717-25-000013.txt,false
0000732717-25-000013.txt_mentions_uber-technologies-inc_mentioned.txt,AT&T INC.,0000732717,2024-12-31,10-K,"Uber Technologies, Inc",1543151,UBER,mentioned,mentioned:1,1,unknown,,,resources/filings_large_sample/0000732717-25-000013.txt,false
0000732717-25-000013.txt_mentions_ford-motor-co_mentioned.txt,AT&T INC.,0000732717,2024-12-31,10-K,FORD MOTOR CO,37996,F-PB,mentioned,mentioned:1,1,unknown,,,resources/filings_large_sample/0000732717-25-000013.txt,false
0000746838-25-000008.txt_mentions_intel-corp_mentioned.txt,UNISYS CORP,0000746838,2024-12-31,10-K,INTEL CORP,50863,INTC,mentioned,mentioned:1,1,unknown,,,resources/filings_large_sample/0000746838-25-000008.txt,false
0000784199-23-000040.txt_mentions_morgan-stanley_mentioned.txt,"ARTIVION, INC.",0000784199,2022-12-31,10-K,MORGAN STANLEY,895421,MS-PQ,mentioned,mentioned:1,1,unknown,,,resources/filings_large_sample/0000784199-23-000040.txt,false
0000784199-23-000040.txt_mentions_ford-motor-co_mentioned.txt,"ARTIVION, INC.",0000784199,2022-12-31,10-K,FORD MOTOR CO,37996,F-PB,mentioned,mentioned:1,1,unknown,,,resources/filings_large_sample/0000784199-23-000040.txt,false
0000784199-23-000040.txt_mentions_abbott-laboratories_acquisition.txt,"ARTIVION, INC.",0000784199,2022-12-31,10-K,ABBOTT LABORATORIES,1800,ABT,acquisition,acquisition:1,1,unknown,,,resources/filings_large_sample/0000784199-23-000040.txt,false
0000811830-23-000005.txt_mentions_stellantis-n-v_mentioned-affiliate.txt,"Santander Holdings USA, Inc.",0000811830,2022-12-31,10-K,Stellantis N.V.,1605484,STLA,"mentioned,affiliate","mentioned:10,affiliate:1",11,"md-and-a,unknown","key,significant",$4.6 billion; $740.5 ; 4.6 billion ; $6.0 ; $5.0 billion; 5.0 billion ,resources/filings_large_sample/0000811830-23-000005.txt,false
0000811830-23-000005.txt_mentions_mitsubishi-gas-chemical-company-inc-adr_mentioned.txt,"Santander Holdings USA, Inc.",0000811830,2022-12-31,10-K,"Mitsubishi Gas Chemical Company, Inc./ADR",2079706,MBGCF,mentioned,mentioned:1,1,md-and-a,material,,resources/filings_large_sample/0000811830-23-000005.txt,false
0000811830-23-000005.txt_mentions_santander-uk-plc_investment.txt,"Santander Holdings USA, Inc.",0000811830,2022-12-31,10-K,Santander UK plc,1087711,SNTUF,investment,investment:1,1,md-and-a,,,resources/filings_large_sample/0000811830-23-000005.txt,false
0000818479-25-000035.txt_mentions_mitsubishi-gas-chemical-company-inc-adr_mentioned.txt,DENTSPLY SIRONA Inc.,0000818479,2024-12-31,10-K,"Mitsubishi Gas Chemical Company, Inc./ADR",2079706,MBGCF,mentioned,mentioned:1,1,unknown,,,resources/filings_large_sample/0000818479-25-000035.txt,false
0000818479-25-000035.txt_mentions_henry-schein-inc_mentioned.txt,DENTSPLY SIRONA Inc.,0000818479,2024-12-31,10-K,HENRY SCHEIN INC,1000228,HSIC,mentioned,mentioned:1,1,unknown,largest,,resources/filings_large_sample/0000818479-25-000035.txt,false
0000850460-23-000017.txt_mentions_nexans-s-a-adr_mentioned.txt,ENCORE WIRE CORP,0000850460,2022-12-31,10-K,Nexans S.A./ADR,1557651,NXPRF,mentioned,mentioned:2,2,unknown,,,resources/filings_large_sample/0000850460-23-000017.txt,false
0000868780-25-000009.txt_mentions_crane-co_mentioned.txt,"Dorman Products, Inc.",0000868780,2024-12-31,10-K,Crane Co,1944013,CR,mentioned,mentioned:1,1,unknown,,,resources/filings_large_sample/0000868780-25-000009.txt,false
0000868780-25-000009.txt_mentions_ford-motor-co_affiliate.txt,"Dorman Products, Inc.",0000868780,2024-12-31,10-K,FORD MOTOR CO,37996,F-PB,affiliate,affiliate:1,1,unknown,,,resources/filings_large_sample/0000868780-25-000009.txt,false
0000868780-25-000009.txt_mentions_cummins-inc_affiliate.txt,"Dorman Products, Inc.",0000868780,2024-12-31,10-K,CUMMINS INC,26172,CMI,affiliate,affiliate:1,1,unknown,,,resources/filings_large_sample/0000868780-25-000009.txt,false
0000868780-25-000009.txt_mentions_aptiv-plc_mentioned.txt,"Dorman Products, Inc.",0000868780,2024-12-31,10-K,Aptiv PLC,1521332,APTV,mentioned,mentioned:1,1,unknown,,,resources/filings_large_sample/0000868780-25-000009.txt,false
0000874766-23-000023.txt_mentions_chubb-ltd_mentioned.txt,"HARTFORD FINANCIAL SERVICES GROUP, INC.",0000874766,2022-12-31,10-K,Chubb Ltd,896159,CB,mentioned,mentioned:2,2,unknown,,$11 ,resources/filings_large_sample/0000874766-23-000023.txt,false
0000874766-23-000023.txt_mentions_pg-e-corp_mentioned.txt,"HARTFORD FINANCIAL SERVICES GROUP, INC.",0000874766,2022-12-31,10-K,PG&E Corp,1004980,PCG-PB,mentioned,mentioned:1,1,commitments,,$289 ; $11 ,resources/filings_large_sample/0000874766-23-000023.txt,false
0000874766-23-000023.txt_mentions_forestar-group-inc_partner.txt,"HARTFORD FINANCIAL SERVICES GROUP, INC.",0000874766,2022-12-31,10-K,Forestar Group Inc.,1406587,FOR,partner,partner:1,1,notes-to-financials,,,resources/filings_large_sample/0000874766-23-000023.txt,false
0000874766-23-000023.txt_mentions_mitsubishi-gas-chemical-company-inc-adr_investment.txt,"HARTFORD FINANCIAL SERVICES GROUP, INC.",0000874766,2022-12-31,10-K,"Mitsubishi Gas Chemical Company, Inc./ADR",2079706,MBGCF,investment,investment:1,1,unknown,largest,,resources/filings_large_sample/0000874766-23-000023.txt,false
0000874766-23-000023.txt_mentions_apple-inc_investment.txt,"HARTFORD FINANCIAL SERVICES GROUP, INC.",0000874766,2022-12-31,10-K,Apple Inc.,320193,AAPL,investment,investment:1,1,unknown,largest,,resources/filings_large_sample/0000874766-23-000023.txt,false
0000885590-23-000009.txt_mentions_bausch-lomb-corp_affiliate.txt,Bausch Health Companies Inc.,0000885590,2022-12-31,10-K,Bausch & Lomb Corp,1860742,BLCO,affiliate,affiliate:3,2,"notes-to-financials,md-and-a,business",,,resources/filings_large_sample/0000885590-23-000009.txt,false
0000885590-23-000009.txt_mentions_blackline-inc_mentioned-supplier.txt,Bausch Health Companies Inc.,0000885590,2022-12-31,10-K,"BLACKLINE, INC.",1666134,BL,"mentioned,supplier","mentioned:1,supplier:1",2,unknown,,,resources/filings_large_sample/0000885590-23-000009.txt,false
0000885590-23-000009.txt_mentions_advanced-micro-devices-inc_mentioned.txt,Bausch Health Companies Inc.,0000885590,2022-12-31,10-K,ADVANCED MICRO DEVICES INC,2488,AMD,mentioned,mentioned:2,2,unknown,,,resources/filings_large_sample/0000885590-23-000009.txt,false
0000885590-23-000009.txt_mentions_boeing-co_mentioned.txt,Bausch Health Companies Inc.,0000885590,2022-12-31,10-K,BOEING CO,12927,BA,mentioned,mentioned:1,1,unknown,,,resources/filings_large_sample/0000885590-23-000009.txt,false
0000885590-23-000009.txt_mentions_johnson-johnson_acquisition.txt,Bausch Health Companies Inc.,0000885590,2022-12-31,10-K,JOHNSON & JOHNSON,200406,JNJ,acquisition,acquisition:1,1,unknown,,,resources/filings_large_sample/0000885590-23-000009.txt,false
0000885590-23-000009.txt_mentions_barclays-bank-plc_mentioned.txt,Bausch Health Companies Inc.,0000885590,2022-12-31,10-K,BARCLAYS BANK PLC,312070,VXX,mentioned,mentioned:1,1,supply-chain,,,resources/filings_large_sample/0000885590-23-000009.txt,false
0000885590-23-000009.txt_mentions_mitsubishi-gas-chemical-company-inc-adr_acquisition.txt,Bausch Health Companies Inc.,0000885590,2022-12-31,10-K,"Mitsubishi Gas Chemical Company, Inc./ADR",2079706,MBGCF,acquisition,acquisition:1,1,commitments,,$35 million,resources/filings_large_sample/0000885590-23-000009.txt,false
0000885590-23-000009.txt_mentions_teva-pharmaceutical-industries-ltd_mentioned.txt,Bausch Health Companies Inc.,0000885590,2022-12-31,10-K,TEVA PHARMACEUTICAL INDUSTRIES LTD,818686,TEVA,mentioned,mentioned:1,1,unknown,,$100 ,resources/filings_large_sample/0000885590-23-000009.txt,false
0000886982-25-000005.txt_mentions_apple-inc_customer.txt,GOLDMAN SACHS GROUP INC,0000886982,2024-12-31,10-K,Apple Inc.,320193,AAPL,customer,customer:5,5,"unknown,business,md-and-a",,,resources/filings_large_sample/0000886982-25-000005.txt,false
0000886982-25-000005.txt_mentions_uber-technologies-inc_mentioned.txt,GOLDMAN SACHS GROUP INC,0000886982,2024-12-31,10-K,"Uber Technologies, Inc",1543151,UBER,mentioned,mentioned:2,2,unknown,,,resources/filings_large_sample/0000886982-25-000005.txt,false
0000886982-25-000005.txt_mentions_miniso-group-holding-ltd_mentioned.txt,GOLDMAN SACHS GROUP INC,0000886982,2024-12-31,10-K,MINISO Group Holding Ltd,1815846,MNSO,mentioned,mentioned:1,1,unknown,,,resources/filings_large_sample/0000886982-25-000005.txt,false
0000886982-25-000005.txt_mentions_oscar-health-inc_mentioned.txt,GOLDMAN SACHS GROUP INC,0000886982,2024-12-31,10-K,"Oscar Health, Inc.",1568651,OSCR,mentioned,mentioned:1,1,unknown,,,resources/filings_large_sample/0000886982-25-000005.txt,false
0000886982-25-000005.txt_mentions_array-technologies-inc_mentioned.txt,GOLDMAN SACHS GROUP INC,0000886982,2024-12-31,10-K,"Array Technologies, Inc.",1820721,ARRY,mentioned,mentioned:1,1,unknown,,,resources/filings_large_sample/0000886982-25-000005.txt,false
0000886982-25-000005.txt_mentions_olaplex-holdings-inc_mentioned.txt,GOLDMAN SACHS GROUP INC,0000886982,2024-12-31,10-K,"OLAPLEX HOLDINGS, INC.",1868726,OLPX,mentioned,mentioned:1,1,unknown,,,resources/filings_large_sample/0000886982-25-000005.txt,false
0000886982-25-000005.txt_mentions_sea-ltd_mentioned.txt,GOLDMAN SACHS GROUP INC,0000886982,2024-12-31,10-K,Sea Ltd,1703399,SE,mentioned,mentioned:1,1,unknown,,,resources/filings_large_sample/0000886982-25-000005.txt,false
0000886982-25-000005.txt_mentions_vipshop-holdings-ltd_mentioned.txt,GOLDMAN SACHS GROUP INC,0000886982,2024-12-31,10-K,Vipshop Holdings Ltd,1529192,VIPS,mentioned,mentioned:1,1,unknown,material,,resources/filings_large_sample/0000886982-25-000005.txt,false
0000886982-25-000005.txt_mentions_fair-isaac-corp_mentioned.txt,GOLDMAN SACHS GROUP INC,0000886982,2024-12-31,10-K,FAIR ISAAC CORP,814547,FICO,mentioned,mentioned:1,1,risk-factors,key,,resources/filings_large_sample/0000886982-25-000005.txt,false
0000886982-25-000005.txt_mentions_robinhood-markets-inc_mentioned.txt,GOLDMAN SACHS GROUP INC,0000886982,2024-12-31,10-K,"Robinhood Markets, Inc.",1783879,HOOD,mentioned,mentioned:1,1,unknown,,,resources/filings_large_sample/0000886982-25-000005.txt,false
0000886982-25-000005.txt_mentions_rivian-automotive-inc-de_mentioned.txt,GOLDMAN SACHS GROUP INC,0000886982,2024-12-31,10-K,"Rivian Automotive, Inc. / DE",1874178,RIVN,mentioned,mentioned:1,1,unknown,,,resources/filings_large_sample/0000886982-25-000005.txt,false
0000886982-25-000005.txt_mentions_yatsen-holding-ltd_mentioned.txt,GOLDMAN SACHS GROUP INC,0000886982,2024-12-31,10-K,Yatsen Holding Ltd,1819580,YSG,mentioned,mentioned:1,1,unknown,,$1.5 billion,resources/filings_large_sample/0000886982-25-000005.txt,false
0000887343-24-000089.txt_mentions_s-p-global-inc_mentioned.txt,"COLUMBIA BANKING SYSTEM, INC.",0000887343,2023-12-31,10-K,S&P Global Inc.,64040,SPGI,mentioned,mentioned:1,1,unknown,,,resources/filings_large_sample/0000887343-24-000089.txt,false
0000896159-24-000003.txt_mentions_jpmorgan-chase-co_mentioned.txt,Chubb Ltd,0000896159,2023-12-31,10-K,JPMORGAN CHASE & CO,19617,JPM-PD,mentioned,mentioned:1,1,unknown,largest,,resources/filings_large_sample/0000896159-24-000003.txt,false
0000896159-24-000003.txt_mentions_ubs-group-ag_mentioned.txt,Chubb Ltd,0000896159,2023-12-31,10-K,UBS Group AG,1610520,UBS,mentioned,mentioned:1,1,unknown,,$ 801 M,resources/filings_large_sample/0000896159-24-000003.txt,false
0000899715-23-000044.txt_mentions_non-invasive-monitoring-systems-inc-fl_partner.txt,"TANGER FACTORY OUTLET CENTERS, INC",0000899715,2022-12-31,10-K,NON INVASIVE MONITORING SYSTEMS INC /FL/,720762,NIMU,partner,partner:4,3,unknown,,,resources/filings_large_sample/0000899715-23-000044.txt,false
0000899715-23-000044.txt_mentions_levi-strauss-co_mentioned.txt,"TANGER FACTORY OUTLET CENTERS, INC",0000899715,2022-12-31,10-K,LEVI STRAUSS & CO,94845,LEVI,mentioned,mentioned:1,1,unknown,,,resources/filings_large_sample/0000899715-23-000044.txt,false
0000899715-23-000044.txt_mentions_capri-holdings-ltd_mentioned.txt,"TANGER FACTORY OUTLET CENTERS, INC",0000899715,2022-12-31,10-K,Capri Holdings Ltd,1530721,CPRI,mentioned,mentioned:1,1,unknown,,,resources/filings_large_sample/0000899715-23-000044.txt,false
0000899715-23-000044.txt_mentions_signet-jewelers-ltd_mentioned.txt,"TANGER FACTORY OUTLET CENTERS, INC",0000899715,2022-12-31,10-K,SIGNET JEWELERS LTD,832988,SIG,mentioned,mentioned:1,1,unknown,,,resources/filings_large_sample/0000899715-23-000044.txt,false
0000899923-24-000018.txt_mentions_medtronic-plc_mentioned.txt,MYRIAD GENETICS INC,0000899923,2023-12-31,10-K,Medtronic plc,1613103,MDT,mentioned,mentioned:1,1,unknown,,,resources/filings_large_sample/0000899923-24-000018.txt,false
0000899923-24-000018.txt_mentions_amazon-com-inc_mentioned.txt,MYRIAD GENETICS INC,0000899923,2023-12-31,10-K,AMAZON COM INC,1018724,AMZN,mentioned,mentioned:1,1,unknown,,,resources/filings_large_sample/0000899923-24-000018.txt,false
0000899923-24-000018.txt_mentions_castle-biosciences-inc_mentioned.txt,MYRIAD GENETICS INC,0000899923,2023-12-31,10-K,CASTLE BIOSCIENCES INC,1447362,CSTL,mentioned,mentioned:1,1,unknown,,$32.5 million; $31.2 million; $1.3 million,resources/filings_large_sample/0000899923-24-000018.txt,false
0000913144-25-000009.txt_mentions_barclays-bank-plc_mentioned.txt,RENAISSANCERE HOLDINGS LTD,0000913144,2024-12-31,10-K,BARCLAYS BANK PLC,312070,VXX,mentioned,mentioned:2,2,unknown,,$300.0 million; 300.0 million ,resources/filings_large_sample/0000913144-25-000009.txt,false
0000913144-25-000009.txt_mentions_american-international-group-inc_mentioned.txt,RENAISSANCERE HOLDINGS LTD,0000913144,2024-12-31,10-K,"AMERICAN INTERNATIONAL GROUP, INC.",5272,AIG,mentioned,mentioned:1,1,unknown,,,resources/filings_large_sample/0000913144-25-000009.txt,false
0000913144-25-000009.txt_mentions_aon-plc_mentioned.txt,RENAISSANCERE HOLDINGS LTD,0000913144,2024-12-31,10-K,Aon plc,315293,AON,mentioned,mentioned:1,1,unknown,,,resources/filings_large_sample/0000913144-25-000009.txt,false
0000913144-25-000009.txt_mentions_credit-suisse-ag_mentioned.txt,RENAISSANCERE HOLDINGS LTD,0000913144,2024-12-31,10-K,CREDIT SUISSE AG,1053092,USOI,mentioned,mentioned:1,1,unknown,,$200.0 million; 200.0 million ,resources/filings_large_sample/0000913144-25-000009.txt,false
0000913144-25-000009.txt_mentions_worldwide-nft-inc_mentioned.txt,RENAISSANCERE HOLDINGS LTD,0000913144,2024-12-31,10-K,Worldwide NFT Inc.,1528188,WNFT,mentioned,mentioned:1,1,unknown,,,resources/filings_large_sample/0000913144-25-000009.txt,false
0000915912-24-000004.txt_mentions_citigroup-inc_affiliate.txt,AVALONBAY COMMUNITIES INC,0000915912,2023-12-31,10-K,CITIGROUP INC,831001,C-PN,affiliate,affiliate:1,1,unknown,,,resources/filings_large_sample/0000915912-24-000004.txt,false
0000915913-23-000039.txt_mentions_grace-therapeutics-inc_mentioned.txt,ALBEMARLE CORP,0000915913,2022-12-31,10-K,"Grace Therapeutics, Inc.",1444192,GRCE,mentioned,mentioned:4,3,unknown,major,$570 million; $300 million; $2; 300 million ,resources/filings_large_sample/0000915913-23-000039.txt,false
0000915913-23-000039.txt_mentions_tesla-inc_mentioned.txt,ALBEMARLE CORP,0000915913,2022-12-31,10-K,"Tesla, Inc.",1318605,TSLA,mentioned,mentioned:1,1,unknown,,,resources/filings_large_sample/0000915913-23-000039.txt,false
0000915913-23-000039.txt_mentions_rio-tinto-ltd_mentioned.txt,ALBEMARLE CORP,0000915913,2022-12-31,10-K,RIO TINTO LTD,887028,RTNTF,mentioned,mentioned:1,1,unknown,,,resources/filings_large_sample/0000915913-23-000039.txt,false
0000915913-23-000039.txt_mentions_ford-motor-co_mentioned.txt,ALBEMARLE CORP,0000915913,2022-12-31,10-K,FORD MOTOR CO,37996,F-PB,mentioned,mentioned:1,1,unknown,,,resources/filings_large_sample/0000915913-23-000039.txt,false
0000915913-23-000039.txt_mentions_lanxess-ag_mentioned.txt,ALBEMARLE CORP,0000915913,2022-12-31,10-K,LANXESS AG,1311307,LNXSY,mentioned,mentioned:1,1,unknown,major,,resources/filings_large_sample/0000915913-23-000039.txt,false
0000917491-24-000003.txt_mentions_sanmina-corp_mentioned.txt,FARO TECHNOLOGIES INC,0000917491,2023-12-31,10-K,SANMINA CORP,897723,SANM,mentioned,mentioned:2,2,unknown,,,resources/filings_large_sample/0000917491-24-000003.txt,false
0000917491-24-000003.txt_mentions_apple-inc_mentioned.txt,FARO TECHNOLOGIES INC,0000917491,2023-12-31,10-K,Apple Inc.,320193,AAPL,mentioned,mentioned:1,1,unknown,,,resources/filings_large_sample/0000917491-24-000003.txt,false
0000917520-25-000017.txt_mentions_morgan-stanley_mentioned.txt,INTEGRA LIFESCIENCES HOLDINGS CORP,0000917520,2024-12-31,10-K,MORGAN STANLEY,895421,MS-PQ,mentioned,mentioned:2,2,unknown,,,resources/filings_large_sample/0000917520-25-000017.txt,false
0000917520-25-000017.txt_mentions_aurora-mobile-ltd_mentioned-acquisition.txt,INTEGRA LIFESCIENCES HOLDINGS CORP,0000917520,2024-12-31,10-K,Aurora Mobile Ltd,1737339,JG,"mentioned,acquisition","mentioned:1,acquisition:1",2,unknown,,,resources/filings_large_sample/0000917520-25-000017.txt,false
0000917520-25-000017.txt_mentions_medtronic-plc_mentioned.txt,INTEGRA LIFESCIENCES HOLDINGS CORP,0000917520,2024-12-31,10-K,Medtronic plc,1613103,MDT,mentioned,mentioned:2,2,unknown,,$45.0 million; $10.0 million; $15.0 million; 10.0 million ; 15.0 million ,resources/filings_large_sample/0000917520-25-000017.txt,false
0000917520-25-000017.txt_mentions_goldman-sachs-group-inc_mentioned.txt,INTEGRA LIFESCIENCES HOLDINGS CORP,0000917520,2024-12-31,10-K,GOLDMAN SACHS GROUP INC,886982,GS-PC,mentioned,mentioned:1,1,unknown,,,resources/filings_large_sample/0000917520-25-000017.txt,false
0000917520-25-000017.txt_mentions_steris-plc_mentioned.txt,INTEGRA LIFESCIENCES HOLDINGS CORP,0000917520,2024-12-31,10-K,STERIS plc,1757898,STE,mentioned,mentioned:1,1,unknown,,,resources/filings_large_sample/0000917520-25-000017.txt,false
0000927003-24-000003.txt_mentions_flex-ltd_mentioned.txt,ADVANCED ENERGY INDUSTRIES INC,0000927003,2023-12-31,10-K,FLEX LTD.,866374,FLEX,mentioned,mentioned:1,1,unknown,,,resources/filings_large_sample/0000927003-24-000003.txt,false
0000929638-23-000927.txt_mentions_toyota-motor-corp_mentioned-affiliate.txt,Toyota Auto Receivables 2021-B Owner Trust,0001859855,2022-12-31,10-K,TOYOTA MOTOR CORP/,1094517,TOYOF,"mentioned,affiliate","mentioned:2,affiliate:1",3,unknown,,,resources/filings_large_sample/0000929638-23-000927.txt,false
0000929638-23-000933.txt_mentions_toyota-motor-corp_mentioned-affiliate.txt,Toyota Auto Receivables 2022-D Owner Trust,0001946790,2022-12-31,10-K,TOYOTA MOTOR CORP/,1094517,TOYOF,"mentioned,affiliate","mentioned:2,affiliate:1",3,unknown,,,resources/filings_large_sample/0000929638-23-000933.txt,false
0000929638-24-001148.txt_mentions_toyota-motor-corp_mentioned-affiliate.txt,Toyota Auto Receivables 2022-A Owner Trust,0001897392,2023-12-31,10-K,TOYOTA MOTOR CORP/,1094517,TOYOF,"mentioned,affiliate","mentioned:2,affiliate:1",3,unknown,,,resources/filings_large_sample/0000929638-24-001148.txt,false
0000929638-25-001229.txt_mentions_toyota-motor-corp_mentioned-affiliate.txt,Toyota Auto Receivables 2021-D Owner Trust,0001886967,2024-12-31,10-K,TOYOTA MOTOR CORP/,1094517,TOYOF,"mentioned,affiliate","mentioned:2,affiliate:1",3,unknown,,,resources/filings_large_sample/0000929638-25-001229.txt,false
0000936340-24-000076.txt_mentions_dt-midstream-inc_mentioned.txt,DTE ENERGY CO,0000936340,2023-12-31,10-K,"DT Midstream, Inc.",1842022,DTM,mentioned,mentioned:2,2,unknown,significant,$376 million; 376 million ,resources/filings_large_sample/0000936340-24-000076.txt,false
0000950170-23-003060.txt_mentions_toll-brothers-inc_partner.txt,EQUITY RESIDENTIAL,0000906107,2022-12-31,10-K,"Toll Brothers, Inc.",794170,TOL,partner,partner:1,1,unknown,key,,resources/filings_large_sample/0000950170-23-003060.txt,false
0000950170-23-005072.txt_mentions_microsoft-corp_supplier.txt,SS&C Technologies Holdings Inc,0001402436,2022-12-31,10-K,MICROSOFT CORP,789019,MSFT,supplier,supplier:1,1,unknown,,,resources/filings_large_sample/0000950170-23-005072.txt,false
0000950170-23-005072.txt_mentions_genesis-energy-lp_mentioned.txt,SS&C Technologies Holdings Inc,0001402436,2022-12-31,10-K,GENESIS ENERGY LP,1022321,GEL,mentioned,mentioned:1,1,unknown,,,resources/filings_large_sample/0000950170-23-005072.txt,false
0000950170-23-005961.txt_mentions_aurora-mobile-ltd_mentioned-acquisition.txt,"SmartStop Self Storage REIT, Inc.",0001585389,2022-12-31,10-K,Aurora Mobile Ltd,1737339,JG,"mentioned,acquisition","mentioned:3,acquisition:1",4,"unknown,notes-to-financials",,"$12.0 million; $ 28,522,082 ; $ 18,943,284 ",resources/filings_large_sample/0000950170-23-005961.txt,false
0000950170-23-005961.txt_mentions_bank-of-montreal-can_acquisition.txt,"SmartStop Self Storage REIT, Inc.",0001585389,2022-12-31,10-K,BANK OF MONTREAL /CAN/,927971,CARU,acquisition,acquisition:1,1,notes-to-financials,,$16.3 ,resources/filings_large_sample/0000950170-23-005961.txt,false
0000950170-23-005961.txt_mentions_extra-space-storage-inc_affiliate.txt,"SmartStop Self Storage REIT, Inc.",0001585389,2022-12-31,10-K,Extra Space Storage Inc.,1289490,EXR,affiliate,affiliate:1,1,notes-to-financials,,$200 million; 200 million ,resources/filings_large_sample/0000950170-23-005961.txt,false
0000950170-23-006714.txt_mentions_ford-motor-co_mentioned-acquisition.txt,Sitio Royalties Corp.,0001949543,2022-12-31,10-K,FORD MOTOR CO,37996,F-PB,"mentioned,acquisition","mentioned:3,acquisition:2",4,"notes-to-financials,related-party,unknown",,$0.8 million; 0.8 million ,resources/filings_large_sample/0000950170-23-006714.txt,false
0000950170-23-006714.txt_mentions_diamondback-energy-inc_mentioned.txt,Sitio Royalties Corp.,0001949543,2022-12-31,10-K,"Diamondback Energy, Inc.",1539838,FANG,mentioned,mentioned:1,1,unknown,,,resources/filings_large_sample/0000950170-23-006714.txt,false
0000950170-23-006714.txt_mentions_ferrari-n-v_partner.txt,Sitio Royalties Corp.,0001949543,2022-12-31,10-K,Ferrari N.V.,1648416,RACE,partner,partner:1,1,notes-to-financials,,,resources/filings_large_sample/0000950170-23-006714.txt,false
0000950170-23-007062.txt_mentions_jefferies-financial-group-inc_mentioned.txt,"Oncternal Therapeutics, Inc.",0001260990,2022-12-31,10-K,Jefferies Financial Group Inc.,96223,JEF,mentioned,mentioned:1,1,unknown,,$0.001 ; $50.0 million,resources/filings_large_sample/0000950170-23-007062.txt,false
0000950170-23-008476.txt_mentions_toyota-motor-corp_supplier.txt,ASPEN AEROGELS INC,0001145986,2022-12-31,10-K,TOYOTA MOTOR CORP/,1094517,TOYOF,supplier,supplier:1,1,unknown,,$5,resources/filings_large_sample/0000950170-23-008476.txt,false
0000950170-23-008566.txt_mentions_hercules-capital-inc_mentioned.txt,"Akero Therapeutics, Inc.",0001744659,2022-12-31,10-K,"Hercules Capital, Inc.",1280784,HCXY,mentioned,mentioned:2,2,notes-to-financials,principal,"$100,000 ",resources/filings_large_sample/0000950170-23-008566.txt,false
0000950170-23-009496.txt_mentions_jefferies-financial-group-inc_mentioned.txt,"Erasca, Inc.",0001761918,2022-12-31,10-K,Jefferies Financial Group Inc.,96223,JEF,mentioned,mentioned:1,1,unknown,,$200 million; 200 million ,resources/filings_large_sample/0000950170-23-009496.txt,false
0000950170-23-009991.txt_mentions_bristol-myers-squibb-co_mentioned-partner.txt,"CytomX Therapeutics, Inc.",0001501989,2022-12-31,10-K,BRISTOL MYERS SQUIBB CO,14272,BMY,"mentioned,partner","mentioned:2,partner:1",3,"notes-to-financials,unknown",,"$ 18,563 ; $ 11,546 ; $ 53,163 ; $ 37,312 ",resources/filings_large_sample/0000950170-23-009991.txt,false
0000950170-23-010613.txt_mentions_bristol-myers-squibb-co_supplier.txt,"Bolt Biotherapeutics, Inc.",0001641281,2022-12-31,10-K,BRISTOL MYERS SQUIBB CO,14272,BMY,supplier,supplier:1,1,supply-chain,,,resources/filings_large_sample/0000950170-23-010613.txt,false
0000950170-24-015673.txt_mentions_aurora-mobile-ltd_mentioned.txt,HECLA MINING CO/DE/,0000719413,2023-12-31,10-K,Aurora Mobile Ltd,1737339,JG,mentioned,mentioned:1,1,md-and-a,,,resources/filings_large_sample/0000950170-24-015673.txt,false
0000950170-24-017093.txt_mentions_jefferies-financial-group-inc_mentioned.txt,"IDEAYA Biosciences, Inc.",0001676725,2023-12-31,10-K,Jefferies Financial Group Inc.,96223,JEF,mentioned,mentioned:1,1,unknown,,$0.0001 ,resources/filings_large_sample/0000950170-24-017093.txt,false
0000950170-24-019131.txt_mentions_meta-platforms-inc_mentioned.txt,MARIN SOFTWARE INC,0001389002,2023-12-31,10-K,"Meta Platforms, Inc.",1326801,META,mentioned,mentioned:1,1,unknown,,,resources/filings_large_sample/0000950170-24-019131.txt,false
0000950170-24-021342.txt_mentions_atlas-lithium-corp_mentioned-partner.txt,Atlas Energy Solutions Inc.,0001984060,2023-12-31,10-K,Atlas Lithium Corp,1540684,ATLX,"mentioned,partner","mentioned:8,partner:1",9,"supply-chain,unknown,commitments",,"$0.7 million; $0.5 million; $0.4 million; 0.4 million ; $3.8 million; 3.8 million ; $ 4,287 ; $ 158 ; $ 3,213 ; $ 264 ; $ 16,942 ; $125 million",resources/filings_large_sample/0000950170-24-021342.txt,false
0000950170-24-021342.txt_mentions_finance-of-america-companies-inc_mentioned.txt,Atlas Energy Solutions Inc.,0001984060,2023-12-31,10-K,Finance of America Companies Inc.,1828937,FOACW,mentioned,mentioned:1,1,commitments,,"$ 264 ; $ 16,942 ; $180.0 million; 180.0 million ",resources/filings_large_sample/0000950170-24-021342.txt,false
0000950170-24-022650.txt_mentions_jefferies-financial-group-inc_mentioned.txt,Karyopharm Therapeutics Inc.,0001503802,2023-12-31,10-K,Jefferies Financial Group Inc.,96223,JEF,mentioned,mentioned:1,1,unknown,,$100.0 million; 100.0 million ,resources/filings_large_sample/0000950170-24-022650.txt,false
0000950170-24-022794.txt_mentions_boise-cascade-co_affiliate.txt,PACKAGING CORP OF AMERICA,0000075677,2023-12-31,10-K,BOISE CASCADE Co,1328581,BCC,affiliate,affiliate:1,1,unknown,,,resources/filings_large_sample/0000950170-24-022794.txt,false
0000950170-24-023214.txt_mentions_hercules-capital-inc_mentioned.txt,"Xometry, Inc.",0001657573,2023-12-31,10-K,"Hercules Capital, Inc.",1280784,HCXY,mentioned,mentioned:1,1,commitments,,$15 million; 15 million ,resources/filings_large_sample/0000950170-24-023214.txt,false
0000950170-24-023214.txt_mentions_amazon-com-inc_mentioned.txt,"Xometry, Inc.",0001657573,2023-12-31,10-K,AMAZON COM INC,1018724,AMZN,mentioned,mentioned:1,1,unknown,,,resources/filings_large_sample/0000950170-24-023214.txt,false
0000950170-24-026024.txt_mentions_dave-buster-s-entertainment-inc_acquisition-mentioned.txt,Dave Inc./DE,0001841408,2023-12-31,10-K,"Dave & Buster's Entertainment, Inc.",1525769,PLAY,"acquisition,mentioned","acquisition:1,mentioned:1",2,unknown,,,resources/filings_large_sample/0000950170-24-026024.txt,false
0000950170-24-027323.txt_mentions_gen-digital-inc_mentioned-acquisition.txt,"GEN Restaurant Group, Inc.",0001891856,2023-12-31,10-K,Gen Digital Inc.,849399,GEN,"mentioned,acquisition","mentioned:6,acquisition:1",7,"notes-to-financials,unknown",,,resources/filings_large_sample/0000950170-24-027323.txt,false
0000950170-24-031460.txt_mentions_meta-platforms-inc_partner-mentioned.txt,ENTRAVISION COMMUNICATIONS CORP,0001109116,2023-12-31,10-K,"Meta Platforms, Inc.",1326801,META,"partner,mentioned","partner:1,mentioned:3",4,unknown,,,resources/filings_large_sample/0000950170-24-031460.txt,false
0000950170-24-031460.txt_mentions_spotify-technology-s-a_mentioned.txt,ENTRAVISION COMMUNICATIONS CORP,0001109116,2023-12-31,10-K,Spotify Technology S.A.,1639920,SPOT,mentioned,mentioned:1,1,unknown,,,resources/filings_large_sample/0000950170-24-031460.txt,false
0000950170-24-033555.txt_mentions_jefferies-financial-group-inc_mentioned.txt,"Tempest Therapeutics, Inc.",0001544227,2023-12-31,10-K,Jefferies Financial Group Inc.,96223,JEF,mentioned,mentioned:2,2,"business,unknown",,"$100.0 ; $100,000,000 ",resources/filings_large_sample/0000950170-24-033555.txt,false
0000950170-25-014412.txt_mentions_boeing-co_mentioned.txt,HEXCEL CORP /DE/,0000717605,2024-12-31,10-K,BOEING CO,12927,BA,mentioned,mentioned:1,1,significant-customers,,,resources/filings_large_sample/0000950170-25-014412.txt,false
0000950170-25-019039.txt_mentions_hold-me-ltd_acquisition.txt,"BROWN & BROWN, INC.",0000079282,2024-12-31,10-K,Hold Me Ltd,1853630,HMELF,acquisition,acquisition:1,1,unknown,,,resources/filings_large_sample/0000950170-25-019039.txt,false
0000950170-25-021359.txt_mentions_kroger-co_mentioned.txt,REGENCY CENTERS CORP,0000910606,2024-12-31,10-K,KROGER CO,56873,KR,mentioned,mentioned:1,1,unknown,,,resources/filings_large_sample/0000950170-25-021359.txt,false
0000950170-25-027956.txt_mentions_toyota-motor-corp_customer.txt,CTS CORP,0000026058,2024-12-31,10-K,TOYOTA MOTOR CORP/,1094517,TOYOF,customer,customer:1,1,business,,,resources/filings_large_sample/0000950170-25-027956.txt,false
0000950170-25-027956.txt_mentions_cummins-inc_customer.txt,CTS CORP,0000026058,2024-12-31,10-K,CUMMINS INC,26172,CMI,customer,customer:1,1,business,,,resources/filings_large_sample/0000950170-25-027956.txt,false
0000950170-25-029070.txt_mentions_lazard-inc_partner.txt,Moelis & Co,0001596967,2024-12-31,10-K,"Lazard, Inc.",1311370,LAZ,partner,partner:2,2,"unknown,risk-factors",,,resources/filings_large_sample/0000950170-25-029070.txt,false
0000950170-25-029070.txt_mentions_jpmorgan-chase-co_investment.txt,Moelis & Co,0001596967,2024-12-31,10-K,JPMORGAN CHASE & CO,19617,JPM-PD,investment,investment:1,1,unknown,,,resources/filings_large_sample/0000950170-25-029070.txt,false
0000950170-25-029070.txt_mentions_ubs-ag_investment.txt,Moelis & Co,0001596967,2024-12-31,10-K,UBS AG,1114446,HDLB,investment,investment:1,1,unknown,,,resources/filings_large_sample/0000950170-25-029070.txt,false
0000950170-25-029070.txt_mentions_ucommune-international-ltd_partner.txt,Moelis & Co,0001596967,2024-12-31,10-K,Ucommune International Ltd,1821424,UK,partner,partner:1,1,unknown,,,resources/filings_large_sample/0000950170-25-029070.txt,false
0000950170-25-029159.txt_mentions_amazon-com-inc_acquisition-mentioned.txt,Xperi Inc.,0001788999,2024-12-31,10-K,AMAZON COM INC,1018724,AMZN,"acquisition,mentioned","acquisition:1,mentioned:1",2,unknown,,$80.0 million; 80.0 million ,resources/filings_large_sample/0000950170-25-029159.txt,false
0000950170-25-029159.txt_mentions_netflix-inc_mentioned.txt,Xperi Inc.,0001788999,2024-12-31,10-K,NETFLIX INC,1065280,NFLX,mentioned,mentioned:1,1,unknown,,,resources/filings_large_sample/0000950170-25-029159.txt,false
0000950170-25-034601.txt_mentions_ani-pharmaceuticals-inc_mentioned.txt,"EyePoint Pharmaceuticals, Inc.",0001314102,2024-12-31,10-K,ANI PHARMACEUTICALS INC,1023024,ANIP,mentioned,mentioned:2,2,unknown,principal,,resources/filings_large_sample/0000950170-25-034601.txt,false
0000950170-25-034601.txt_mentions_merck-co-inc_acquisition.txt,"EyePoint Pharmaceuticals, Inc.",0001314102,2024-12-31,10-K,"Merck & Co., Inc.",310158,MRK,acquisition,acquisition:1,1,supply-chain,,,resources/filings_large_sample/0000950170-25-034601.txt,false
0000950170-25-034601.txt_mentions_rallybio-corp_mentioned.txt,"EyePoint Pharmaceuticals, Inc.",0001314102,2024-12-31,10-K,Rallybio Corp,1739410,RLYB,mentioned,mentioned:1,1,unknown,,,resources/filings_large_sample/0000950170-25-034601.txt,false
0000950170-25-034601.txt_mentions_apellis-pharmaceuticals-inc_mentioned.txt,"EyePoint Pharmaceuticals, Inc.",0001314102,2024-12-31,10-K,"Apellis Pharmaceuticals, Inc.",1492422,APLS,mentioned,mentioned:1,1,unknown,,,resources/filings_large_sample/0000950170-25-034601.txt,false
0000950170-25-041182.txt_mentions_special-opportunities-fund-inc_partner.txt,"J.P. Morgan Real Estate Income Trust, Inc.",0001893262,2024-12-31,10-K,"SPECIAL OPPORTUNITIES FUND, INC.",897802,SPE,partner,partner:2,2,"related-party,unknown",,,resources/filings_large_sample/0000950170-25-041182.txt,false
0000950170-25-041182.txt_mentions_jpmorgan-chase-co_mentioned.txt,"J.P. Morgan Real Estate Income Trust, Inc.",0001893262,2024-12-31,10-K,JPMORGAN CHASE & CO,19617,JPM-PD,mentioned,mentioned:1,1,unknown,,,resources/filings_large_sample/0000950170-25-041182.txt,false
0000950170-25-043128.txt_mentions_special-opportunities-fund-inc_partner.txt,"Starwood Real Estate Income Trust, Inc.",0001711929,2024-12-31,10-K,"SPECIAL OPPORTUNITIES FUND, INC.",897802,SPE,partner,partner:6,6,"related-party,unknown",,,resources/filings_large_sample/0000950170-25-043128.txt,false
0000950170-25-043128.txt_mentions_barclays-bank-plc_affiliate.txt,"Starwood Real Estate Income Trust, Inc.",0001711929,2024-12-31,10-K,BARCLAYS BANK PLC,312070,VXX,affiliate,affiliate:1,1,unknown,,,resources/filings_large_sample/0000950170-25-043128.txt,false
0000950170-25-043128.txt_mentions_morgan-stanley_mentioned.txt,"Starwood Real Estate Income Trust, Inc.",0001711929,2024-12-31,10-K,MORGAN STANLEY,895421,MS-PQ,mentioned,mentioned:1,1,unknown,,,resources/filings_large_sample/0000950170-25-043128.txt,false
0000950170-25-043486.txt_mentions_sarepta-therapeutics-inc_investment.txt,"Lexeo Therapeutics, Inc.",0001907108,2024-12-31,10-K,"Sarepta Therapeutics, Inc.",873303,SRPT,investment,investment:1,1,unknown,principal,$4.0 million; 4.0 million ,resources/filings_large_sample/0000950170-25-043486.txt,false
0001002910-24-000056.txt_mentions_ameren-illinois-co_mentioned.txt,AMEREN CORP,0001002910,2023-12-31,10-K,Ameren Illinois Co,18654,AILLM,mentioned,mentioned:4,4,unknown,,,resources/filings_large_sample/0001002910-24-000056.txt,false
0001035267-23-000019.txt_mentions_medtronic-plc_mentioned.txt,INTUITIVE SURGICAL INC,0001035267,2022-12-31,10-K,Medtronic plc,1613103,MDT,mentioned,mentioned:3,1,unknown,,,resources/filings_large_sample/0001035267-23-000019.txt,false
0001037976-25-000006.txt_mentions_cushman-wakefield-plc_mentioned.txt,JONES LANG LASALLE INC,0001037976,2024-12-31,10-K,Cushman & Wakefield plc,1628369,CWK,mentioned,mentioned:2,2,unknown,primary,,resources/filings_large_sample/0001037976-25-000006.txt,false
0001037976-25-000006.txt_mentions_forestar-group-inc_partner.txt,JONES LANG LASALLE INC,0001037976,2024-12-31,10-K,Forestar Group Inc.,1406587,FOR,partner,partner:2,2,unknown,,,resources/filings_large_sample/0001037976-25-000006.txt,false
0001037976-25-000006.txt_mentions_cbre-group-inc_mentioned.txt,JONES LANG LASALLE INC,0001037976,2024-12-31,10-K,"CBRE GROUP, INC.",1138118,CBRE,mentioned,mentioned:1,1,unknown,,,resources/filings_large_sample/0001037976-25-000006.txt,false
0001037976-25-000006.txt_mentions_colliers-international-group-inc_mentioned.txt,JONES LANG LASALLE INC,0001037976,2024-12-31,10-K,Colliers International Group Inc.,913353,CIGI,mentioned,mentioned:1,1,unknown,,,resources/filings_large_sample/0001037976-25-000006.txt,false
0001045810-23-000017.txt_mentions_microsoft-corp_mentioned.txt,NVIDIA CORP,0001045810,2023-01-29,10-K,MICROSOFT CORP,789019,MSFT,mentioned,mentioned:4,4,unknown,,,resources/filings_large_sample/0001045810-23-000017.txt,false
0001045810-23-000017.txt_mentions_micron-technology-inc_mentioned.txt,NVIDIA CORP,0001045810,2023-01-29,10-K,MICRON TECHNOLOGY INC,723125,MU,mentioned,mentioned:1,1,unknown,,,resources/filings_large_sample/0001045810-23-000017.txt,false
0001045810-23-000017.txt_mentions_ibiden-co-ltd-adr_mentioned.txt,NVIDIA CORP,0001045810,2023-01-29,10-K,"Ibiden Co., Ltd./ADR",1654508,IBIDF,mentioned,mentioned:1,1,unknown,,,resources/filings_large_sample/0001045810-23-000017.txt,false
0001045810-23-000017.txt_mentions_lockheed-martin-corp_mentioned.txt,NVIDIA CORP,0001045810,2023-01-29,10-K,LOCKHEED MARTIN CORP,936468,LMT,mentioned,mentioned:1,1,unknown,,,resources/filings_large_sample/0001045810-23-000017.txt,false
0001045810-23-000017.txt_mentions_intel-corp_mentioned.txt,NVIDIA CORP,0001045810,2023-01-29,10-K,INTEL CORP,50863,INTC,mentioned,mentioned:1,1,unknown,,,resources/filings_large_sample/0001045810-23-000017.txt,false
0001045810-23-000017.txt_mentions_broadcom-inc_mentioned.txt,NVIDIA CORP,0001045810,2023-01-29,10-K,Broadcom Inc.,1730168,AVGO,mentioned,mentioned:1,1,unknown,,,resources/filings_large_sample/0001045810-23-000017.txt,false
0001045810-25-000023.txt_mentions_microsoft-corp_mentioned.txt,NVIDIA CORP,0001045810,2025-01-26,10-K,MICROSOFT CORP,789019,MSFT,mentioned,mentioned:3,3,unknown,,,resources/filings_large_sample/0001045810-25-000023.txt,false
0001045810-25-000023.txt_mentions_intel-corp_mentioned.txt,NVIDIA CORP,0001045810,2025-01-26,10-K,INTEL CORP,50863,INTC,mentioned,mentioned:2,2,unknown,,,resources/filings_large_sample/0001045810-25-000023.txt,false
0001045810-25-000023.txt_mentions_lockheed-martin-corp_mentioned.txt,NVIDIA CORP,0001045810,2025-01-26,10-K,LOCKHEED MARTIN CORP,936468,LMT,mentioned,mentioned:1,1,unknown,,,resources/filings_large_sample/0001045810-25-000023.txt,false
0001045810-25-000023.txt_mentions_broadcom-inc_mentioned.txt,NVIDIA CORP,0001045810,2025-01-26,10-K,Broadcom Inc.,1730168,AVGO,mentioned,mentioned:1,1,unknown,,,resources/filings_large_sample/0001045810-25-000023.txt,false
0001047127-25-000030.txt_mentions_apple-inc_customer.txt,"AMKOR TECHNOLOGY, INC.",0001047127,2024-12-31,10-K,Apple Inc.,320193,AAPL,customer,customer:1,1,unknown,largest,,resources/filings_large_sample/0001047127-25-000030.txt,false
0001047127-25-000030.txt_mentions_qualcomm-inc-de_customer.txt,"AMKOR TECHNOLOGY, INC.",0001047127,2024-12-31,10-K,QUALCOMM INC/DE,804328,QCOM,customer,customer:1,1,unknown,largest,,resources/filings_large_sample/0001047127-25-000030.txt,false
0001062993-23-007669.txt_mentions_ford-motor-co_mentioned.txt,"ALPINE SUMMIT ENERGY PARTNERS, INC.",0001882607,2022-12-31,10-K,FORD MOTOR CO,37996,F-PB,mentioned,mentioned:1,1,risk-factors,,,resources/filings_large_sample/0001062993-23-007669.txt,false
0001062993-23-007669.txt_mentions_goldman-sachs-group-inc_mentioned.txt,"ALPINE SUMMIT ENERGY PARTNERS, INC.",0001882607,2022-12-31,10-K,GOLDMAN SACHS GROUP INC,886982,GS-PC,mentioned,mentioned:1,1,risk-factors,,,resources/filings_large_sample/0001062993-23-007669.txt,false
0001062993-23-007669.txt_mentions_bank7-corp_mentioned.txt,"ALPINE SUMMIT ENERGY PARTNERS, INC.",0001882607,2022-12-31,10-K,Bank7 Corp.,1746129,BSVN,mentioned,mentioned:1,1,risk-factors,,,resources/filings_large_sample/0001062993-23-007669.txt,false
0001062993-23-007846.txt_mentions_international-business-machines-corp_customer.txt,Leatt Corp,0001456189,2022-12-31,10-K,INTERNATIONAL BUSINESS MACHINES CORP,51143,IBM,customer,customer:1,1,risk-factors,,,resources/filings_large_sample/0001062993-23-007846.txt,false
0001062993-23-007846.txt_mentions_nevada-king-gold-corp_mentioned.txt,Leatt Corp,0001456189,2022-12-31,10-K,Nevada King Gold Corp.,1839154,NKGFF,mentioned,mentioned:1,1,risk-factors,,,resources/filings_large_sample/0001062993-23-007846.txt,false
0001064728-24-000021.txt_mentions_pimco-corporate-income-opportunity-fund_mentioned-affiliate-acquisition.txt,PEABODY ENERGY CORP,0001064728,2023-12-31,10-K,PIMCO CORPORATE & INCOME OPPORTUNITY FUND,1190935,PTY,"mentioned,affiliate,acquisition","mentioned:6,affiliate:2,acquisition:1",9,"signatures,unknown",material,,resources/filings_large_sample/0001064728-24-000021.txt,false
0001064728-24-000021.txt_mentions_rio-tinto-ltd_mentioned.txt,PEABODY ENERGY CORP,0001064728,2023-12-31,10-K,RIO TINTO LTD,887028,RTNTF,mentioned,mentioned:1,1,unknown,,,resources/filings_large_sample/0001064728-24-000021.txt,false
0001064728-24-000021.txt_mentions_hallador-energy-co_mentioned.txt,PEABODY ENERGY CORP,0001064728,2023-12-31,10-K,HALLADOR ENERGY CO,788965,HNRG,mentioned,mentioned:1,1,unknown,,,resources/filings_large_sample/0001064728-24-000021.txt,false
0001065088-23-000006.txt_mentions_amazon-com-inc_mentioned.txt,EBAY INC,0001065088,2022-12-31,10-K,AMAZON COM INC,1018724,AMZN,mentioned,mentioned:3,3,unknown,,,resources/filings_large_sample/0001065088-23-000006.txt,false
0001065088-23-000006.txt_mentions_meta-platforms-inc_mentioned.txt,EBAY INC,0001065088,2022-12-31,10-K,"Meta Platforms, Inc.",1326801,META,mentioned,mentioned:2,2,unknown,,,resources/filings_large_sample/0001065088-23-000006.txt,false
0001065088-23-000006.txt_mentions_apple-inc_mentioned.txt,EBAY INC,0001065088,2022-12-31,10-K,Apple Inc.,320193,AAPL,mentioned,mentioned:1,1,unknown,,,resources/filings_large_sample/0001065088-23-000006.txt,false
0001065280-23-000035.txt_mentions_amazon-com-inc_mentioned.txt,NETFLIX INC,0001065280,2022-12-31,10-K,AMAZON COM INC,1018724,AMZN,mentioned,mentioned:2,2,unknown,,,resources/filings_large_sample/0001065280-23-000035.txt,false
0001067701-24-000007.txt_mentions_mitsubishi-gas-chemical-company-inc-adr_mentioned.txt,"UNITED RENTALS, INC.",0001067701,2023-12-31,10-K,"Mitsubishi Gas Chemical Company, Inc./ADR",2079706,MBGCF,mentioned,mentioned:2,2,unknown,,,resources/filings_large_sample/0001067701-24-000007.txt,false
0001067701-24-000007.txt_mentions_north-american-construction-group-ltd_mentioned.txt,"UNITED RENTALS, INC.",0001067701,2023-12-31,10-K,North American Construction Group Ltd.,1368519,NOA,mentioned,mentioned:1,1,unknown,,,resources/filings_large_sample/0001067701-24-000007.txt,false
0001079973-25-000543.txt_mentions_microsoft-corp_mentioned.txt,Tradewinds Universal,0001916558,2024-12-31,10-K,MICROSOFT CORP,789019,MSFT,mentioned,mentioned:1,1,unknown,,,resources/filings_large_sample/0001079973-25-000543.txt,false
0001081316-25-000004.txt_mentions_berkshire-hathaway-inc_affiliate-mentioned-customer.txt,BERKSHIRE HATHAWAY ENERGY CO,0001081316,2024-12-31,10-K,BERKSHIRE HATHAWAY INC,1067983,BRK-A,"affiliate,mentioned,customer","affiliate:5,mentioned:5,customer:1",10,unknown,,"$1,580 million; $1,479 million; $1,961 million; 1,479 million ; 1,961 million ",resources/filings_large_sample/0001081316-25-000004.txt,false
0001081316-25-000004.txt_mentions_boyd-gaming-corp_investment.txt,BERKSHIRE HATHAWAY ENERGY CO,0001081316,2024-12-31,10-K,BOYD GAMING CORP,906553,BYD,investment,investment:2,2,unknown,,"$444 million; $351 million; $639 million; $505 million; $3,949 million; $1,468 million; 444 million ; 351 million ; 639 million ; 505 million ",resources/filings_large_sample/0001081316-25-000004.txt,false
0001081316-25-000004.txt_mentions_santander-uk-plc_mentioned.txt,BERKSHIRE HATHAWAY ENERGY CO,0001081316,2024-12-31,10-K,Santander UK plc,1087711,SNTUF,mentioned,mentioned:1,1,unknown,,,resources/filings_large_sample/0001081316-25-000004.txt,false
0001081316-25-000004.txt_mentions_constellation-energy-corp_mentioned.txt,BERKSHIRE HATHAWAY ENERGY CO,0001081316,2024-12-31,10-K,Constellation Energy Corp,1868275,CEG,mentioned,mentioned:1,1,unknown,,,resources/filings_large_sample/0001081316-25-000004.txt,false
0001081316-25-000004.txt_mentions_kimberly-clark-corp_mentioned.txt,BERKSHIRE HATHAWAY ENERGY CO,0001081316,2024-12-31,10-K,KIMBERLY CLARK CORP,55785,KMB,mentioned,mentioned:1,1,unknown,,,resources/filings_large_sample/0001081316-25-000004.txt,false
0001089819-23-000003.txt_mentions_nrg-energy-inc_mentioned.txt,Cleco Corporate Holdings LLC,0001089819,2022-12-31,10-K,"NRG ENERGY, INC.",1013871,NRG,mentioned,mentioned:1,1,signatures,,,resources/filings_large_sample/0001089819-23-000003.txt,false
0001089819-23-000003.txt_mentions_cabot-corp_partner.txt,Cleco Corporate Holdings LLC,0001089819,2022-12-31,10-K,CABOT CORP,16040,CBT,partner,partner:1,1,unknown,,,resources/filings_large_sample/0001089819-23-000003.txt,false
0001089819-23-000003.txt_mentions_entergy-louisiana-llc_mentioned.txt,Cleco Corporate Holdings LLC,0001089819,2022-12-31,10-K,"ENTERGY LOUISIANA, LLC",1348952,ELC,mentioned,mentioned:1,1,unknown,,,resources/filings_large_sample/0001089819-23-000003.txt,false
0001091883-23-000017.txt_mentions_crane-co_mentioned.txt,CIRCOR INTERNATIONAL INC,0001091883,2022-12-31,10-K,Crane Co,1944013,CR,mentioned,mentioned:3,3,unknown,primary,$169.1 million; 169.1 million ,resources/filings_large_sample/0001091883-23-000017.txt,false
0001091883-23-000017.txt_mentions_general-electric-co_mentioned.txt,CIRCOR INTERNATIONAL INC,0001091883,2022-12-31,10-K,GENERAL ELECTRIC CO,40545,GE,mentioned,mentioned:1,1,unknown,,,resources/filings_large_sample/0001091883-23-000017.txt,false
0001091883-23-000017.txt_mentions_jpmorgan-chase-co_investment.txt,CIRCOR INTERNATIONAL INC,0001091883,2022-12-31,10-K,JPMORGAN CHASE & CO,19617,JPM-PD,investment,investment:1,1,unknown,,,resources/filings_large_sample/0001091883-23-000017.txt,false
0001101215-25-000031.txt_mentions_microsoft-corp_partner-mentioned.txt,"BREAD FINANCIAL HOLDINGS, INC.",0001101215,2024-12-31,10-K,MICROSOFT CORP,789019,MSFT,"partner,mentioned","partner:1,mentioned:1",2,"business,unknown",,,resources/filings_large_sample/0001101215-25-000031.txt,false
0001101215-25-000031.txt_mentions_bank-of-montreal-can_mentioned.txt,"BREAD FINANCIAL HOLDINGS, INC.",0001101215,2024-12-31,10-K,BANK OF MONTREAL /CAN/,927971,CARU,mentioned,mentioned:1,1,unknown,,,resources/filings_large_sample/0001101215-25-000031.txt,false
0001101215-25-000031.txt_mentions_amazon-com-inc_mentioned.txt,"BREAD FINANCIAL HOLDINGS, INC.",0001101215,2024-12-31,10-K,AMAZON COM INC,1018724,AMZN,mentioned,mentioned:1,1,unknown,,,resources/filings_large_sample/0001101215-25-000031.txt,false
0001104659-24-040508.txt_mentions_mitsubishi-gas-chemical-company-inc-adr_partner-mentioned.txt,AP Acquisition Corp,0001862993,2023-12-31,10-K,"Mitsubishi Gas Chemical Company, Inc./ADR",2079706,MBGCF,"partner,mentioned","partner:1,mentioned:3",4,unknown,,,resources/filings_large_sample/0001104659-24-040508.txt,false
0001104659-24-040508.txt_mentions_bain-capital-gss-investment-corp_partner.txt,AP Acquisition Corp,0001862993,2023-12-31,10-K,Bain Capital GSS Investment Corp.,2064355,BCSS-UN,partner,partner:1,1,unknown,,,resources/filings_large_sample/0001104659-24-040508.txt,false
0001104659-24-040508.txt_mentions_sumitomo-mitsui-financial-group-inc_mentioned.txt,AP Acquisition Corp,0001862993,2023-12-31,10-K,"SUMITOMO MITSUI FINANCIAL GROUP, INC.",1022837,SMFG,mentioned,mentioned:1,1,unknown,,,resources/filings_large_sample/0001104659-24-040508.txt,false
0001104659-24-040508.txt_mentions_credit-suisse-ag_mentioned.txt,AP Acquisition Corp,0001862993,2023-12-31,10-K,CREDIT SUISSE AG,1053092,USOI,mentioned,mentioned:1,1,business,,$10.6 million; $11.50 ,resources/filings_large_sample/0001104659-24-040508.txt,false
0001131554-23-000013.txt_mentions_b-riley-financial-inc_investment-mentioned.txt,SYNCHRONOSS TECHNOLOGIES INC,0001131554,2022-12-31,10-K,"B. Riley Financial, Inc.",1464790,RILYL,"investment,mentioned","investment:1,mentioned:1",2,unknown,,$1.15 ,resources/filings_large_sample/0001131554-23-000013.txt,false
0001131554-23-000013.txt_mentions_amazon-com-inc_mentioned.txt,SYNCHRONOSS TECHNOLOGIES INC,0001131554,2022-12-31,10-K,AMAZON COM INC,1018724,AMZN,mentioned,mentioned:1,1,unknown,,,resources/filings_large_sample/0001131554-23-000013.txt,false
0001131554-23-000013.txt_mentions_apple-inc_mentioned.txt,SYNCHRONOSS TECHNOLOGIES INC,0001131554,2022-12-31,10-K,Apple Inc.,320193,AAPL,mentioned,mentioned:1,1,unknown,,,resources/filings_large_sample/0001131554-23-000013.txt,false
0001131554-23-000013.txt_mentions_microsoft-corp_mentioned.txt,SYNCHRONOSS TECHNOLOGIES INC,0001131554,2022-12-31,10-K,MICROSOFT CORP,789019,MSFT,mentioned,mentioned:1,1,unknown,,,resources/filings_large_sample/0001131554-23-000013.txt,false
0001140361-23-011303.txt_mentions_amazon-com-inc_mentioned.txt,Taboola.com Ltd.,0001840502,2022-12-31,10-K,AMAZON COM INC,1018724,AMZN,mentioned,mentioned:1,1,risk-factors,,,resources/filings_large_sample/0001140361-23-011303.txt,false
0001140361-23-011303.txt_mentions_apple-inc_mentioned.txt,Taboola.com Ltd.,0001840502,2022-12-31,10-K,Apple Inc.,320193,AAPL,mentioned,mentioned:1,1,risk-factors,,$50 million; 50 million ,resources/filings_large_sample/0001140361-23-011303.txt,false
0001140361-23-011303.txt_mentions_microsoft-corp_mentioned.txt,Taboola.com Ltd.,0001840502,2022-12-31,10-K,MICROSOFT CORP,789019,MSFT,mentioned,mentioned:1,1,risk-factors,,,resources/filings_large_sample/0001140361-23-011303.txt,false
0001142750-23-000006.txt_mentions_kilroy-realty-corp_mentioned.txt,AMN HEALTHCARE SERVICES INC,0001142750,2022-12-31,10-K,KILROY REALTY CORP,1025996,KRC,mentioned,mentioned:2,2,"unknown,signatures",,,resources/filings_large_sample/0001142750-23-000006.txt,false
0001159036-23-000012.txt_mentions_bristol-myers-squibb-co_mentioned.txt,"HALOZYME THERAPEUTICS, INC.",0001159036,2022-12-31,10-K,BRISTOL MYERS SQUIBB CO,14272,BMY,mentioned,mentioned:3,2,unknown,,,resources/filings_large_sample/0001159036-23-000012.txt,false
0001159036-23-000012.txt_mentions_astrazeneca-plc_affiliate.txt,"HALOZYME THERAPEUTICS, INC.",0001159036,2022-12-31,10-K,ASTRAZENECA PLC,901832,AZN,affiliate,affiliate:3,1,unknown,,,resources/filings_large_sample/0001159036-23-000012.txt,false
0001159036-23-000012.txt_mentions_qualcomm-inc-de_mentioned.txt,"HALOZYME THERAPEUTICS, INC.",0001159036,2022-12-31,10-K,QUALCOMM INC/DE,804328,QCOM,mentioned,mentioned:1,1,unknown,,,resources/filings_large_sample/0001159036-23-000012.txt,false
0001178913-24-000881.txt_mentions_globus-medical-inc_investment.txt,Entera Bio Ltd.,0001638097,2023-12-31,10-K,GLOBUS MEDICAL INC,1237831,GMED,investment,investment:1,1,risk-factors,,,resources/filings_large_sample/0001178913-24-000881.txt,false
0001178913-24-000881.txt_mentions_innocan-pharma-corp_investment.txt,Entera Bio Ltd.,0001638097,2023-12-31,10-K,INNOCAN PHARMA Corp,1889791,INNP,investment,investment:1,1,risk-factors,,,resources/filings_large_sample/0001178913-24-000881.txt,false
0001178913-24-000881.txt_mentions_opko-health-inc_affiliate.txt,Entera Bio Ltd.,0001638097,2023-12-31,10-K,"OPKO HEALTH, INC.",944809,OPK,affiliate,affiliate:1,1,risk-factors,,,resources/filings_large_sample/0001178913-24-000881.txt,false
0001178913-24-000881.txt_mentions_oramed-pharmaceuticals-inc_joint-venture.txt,Entera Bio Ltd.,0001638097,2023-12-31,10-K,ORAMED PHARMACEUTICALS INC.,1176309,ORMP,joint-venture,joint-venture:1,1,risk-factors,,,resources/filings_large_sample/0001178913-24-000881.txt,false
0001178913-24-000881.txt_mentions_icecure-medical-ltd_investment.txt,Entera Bio Ltd.,0001638097,2023-12-31,10-K,IceCure Medical Ltd.,1584371,ICCM,investment,investment:1,1,risk-factors,,,resources/filings_large_sample/0001178913-24-000881.txt,false
0001193125-23-056454.txt_mentions_federal-home-loan-mortgage-corp_mentioned.txt,"POPULAR, INC.",0000763901,2022-12-31,10-K,FEDERAL HOME LOAN MORTGAGE CORP,1026214,FMCCG,mentioned,mentioned:1,1,risk-factors,,$ 380 million; $ 330 million; $ 9 million; 380 million ; 9 million ,resources/filings_large_sample/0001193125-23-056454.txt,false
0001193125-23-067859.txt_mentions_amazon-com-inc_mentioned.txt,"SALEM MEDIA GROUP, INC. /DE/",0001050606,2022-12-31,10-K,AMAZON COM INC,1018724,AMZN,mentioned,mentioned:2,2,unknown,,,resources/filings_large_sample/0001193125-23-067859.txt,false
0001193125-23-067859.txt_mentions_apple-inc_mentioned.txt,"SALEM MEDIA GROUP, INC. /DE/",0001050606,2022-12-31,10-K,Apple Inc.,320193,AAPL,mentioned,mentioned:2,2,unknown,,13 million ,resources/filings_large_sample/0001193125-23-067859.txt,false
0001193125-23-080641.txt_mentions_lockheed-martin-corp_mentioned.txt,Berenson Acquisition Corp. I,0001869673,2022-12-31,10-K,LOCKHEED MARTIN CORP,936468,LMT,mentioned,mentioned:1,1,unknown,,$1.3 billion; 1.3 billion ,resources/filings_large_sample/0001193125-23-080641.txt,false
0001193125-23-080641.txt_mentions_accenture-plc_affiliate.txt,Berenson Acquisition Corp. I,0001869673,2022-12-31,10-K,Accenture plc,1467373,ACN,affiliate,affiliate:1,1,unknown,,$1.3 billion; 1.3 billion ,resources/filings_large_sample/0001193125-23-080641.txt,false
0001193125-23-080641.txt_mentions_goldman-sachs-group-inc_partner.txt,Berenson Acquisition Corp. I,0001869673,2022-12-31,10-K,GOLDMAN SACHS GROUP INC,886982,GS-PC,partner,partner:1,1,unknown,,,resources/filings_large_sample/0001193125-23-080641.txt,false
0001193125-23-088340.txt_mentions_goldman-sachs-group-inc_investment.txt,Integral Acquisition Corp 1,0001850262,2022-12-31,10-K,GOLDMAN SACHS GROUP INC,886982,GS-PC,investment,investment:1,1,unknown,principal,,resources/filings_large_sample/0001193125-23-088340.txt,false
0001193125-23-088340.txt_mentions_cohen-co-inc_mentioned.txt,Integral Acquisition Corp 1,0001850262,2022-12-31,10-K,Cohen & Co Inc.,1270436,COHN,mentioned,mentioned:1,1,unknown,,$0.0001 ,resources/filings_large_sample/0001193125-23-088340.txt,false
0001193125-24-068609.txt_mentions_microsoft-corp_mentioned.txt,"Mastech Digital, Inc.",0001437226,2023-12-31,10-K,MICROSOFT CORP,789019,MSFT,mentioned,mentioned:1,1,unknown,,,resources/filings_large_sample/0001193125-24-068609.txt,false
0001193125-25-064080.txt_mentions_citi-trends-inc_affiliate.txt,CITIBANK CREDIT CARD ISSUANCE TRUST,0001108348,2024-12-31,10-K,Citi Trends Inc,1318484,CTRN,affiliate,affiliate:1,1,unknown,,,resources/filings_large_sample/0001193125-25-064080.txt,false
0001193125-25-065487.txt_mentions_astrazeneca-plc_mentioned.txt,"Vincerx Pharma, Inc.",0001796129,2024-12-31,10-K,ASTRAZENECA PLC,901832,AZN,mentioned,mentioned:2,2,unknown,,,resources/filings_large_sample/0001193125-25-065487.txt,false
0001193125-25-065487.txt_mentions_bicycle-therapeutics-plc_mentioned.txt,"Vincerx Pharma, Inc.",0001796129,2024-12-31,10-K,BICYCLE THERAPEUTICS PLC,1761612,BCYC,mentioned,mentioned:1,1,unknown,,,resources/filings_large_sample/0001193125-25-065487.txt,false
0001193125-25-065487.txt_mentions_merck-co-inc_mentioned.txt,"Vincerx Pharma, Inc.",0001796129,2024-12-31,10-K,"Merck & Co., Inc.",310158,MRK,mentioned,mentioned:1,1,unknown,,,resources/filings_large_sample/0001193125-25-065487.txt,false
0001193125-25-065487.txt_mentions_gsk-plc_acquisition.txt,"Vincerx Pharma, Inc.",0001796129,2024-12-31,10-K,GSK plc,1131399,GSK,acquisition,acquisition:1,1,unknown,,,resources/filings_large_sample/0001193125-25-065487.txt,false
0001193125-25-065487.txt_mentions_sanofi_acquisition.txt,"Vincerx Pharma, Inc.",0001796129,2024-12-31,10-K,Sanofi,1121404,SNYNF,acquisition,acquisition:1,1,unknown,,,resources/filings_large_sample/0001193125-25-065487.txt,false
0001193125-25-065487.txt_mentions_volitionrx-ltd_mentioned.txt,"Vincerx Pharma, Inc.",0001796129,2024-12-31,10-K,VOLITIONRX LTD,93314,VNRX,mentioned,mentioned:1,1,unknown,,$0.0001 ,resources/filings_large_sample/0001193125-25-065487.txt,false
0001193125-25-066878.txt_mentions_morgan-stanley_mentioned.txt,AltEnergy Acquisition Corp,0001852016,2024-12-31,10-K,MORGAN STANLEY,895421,MS-PQ,mentioned,mentioned:1,1,unknown,,$5 billion,resources/filings_large_sample/0001193125-25-066878.txt,false
0001193125-25-066878.txt_mentions_ormat-technologies-inc_customer.txt,AltEnergy Acquisition Corp,0001852016,2024-12-31,10-K,"ORMAT TECHNOLOGIES, INC.",1296445,ORA,customer,customer:1,1,unknown,,,resources/filings_large_sample/0001193125-25-066878.txt,false
0001193125-25-068914.txt_mentions_ai-technology-group-inc_acquisition.txt,EQT Private Equity Co LLC,0002032020,2024-12-31,10-K,AI Technology Group Inc.,1289047,AIPG,acquisition,acquisition:1,1,business,,,resources/filings_large_sample/0001193125-25-068914.txt,false
0001193125-25-068914.txt_mentions_seapeak-llc_partner.txt,EQT Private Equity Co LLC,0002032020,2024-12-31,10-K,Seapeak LLC,1308106,SEAL-PB,partner,partner:1,1,unknown,,,resources/filings_large_sample/0001193125-25-068914.txt,false
0001193125-25-068914.txt_mentions_genesis-energy-lp_mentioned.txt,EQT Private Equity Co LLC,0002032020,2024-12-31,10-K,GENESIS ENERGY LP,1022321,GEL,mentioned,mentioned:1,1,unknown,,,resources/filings_large_sample/0001193125-25-068914.txt,false
0001213900-23-017859.txt_mentions_futuretech-ii-acquisition-corp_mentioned.txt,Singularity Future Technology Ltd.,0001422892,2022-06-30,10-K,FutureTech II Acquisition Corp.,1889450,FTII,mentioned,mentioned:1,1,risk-factors,,,resources/filings_large_sample/0001213900-23-017859.txt,false
0001213900-23-017859.txt_mentions_sos-ltd_affiliate.txt,Singularity Future Technology Ltd.,0001422892,2022-06-30,10-K,SOS Ltd,1346610,SOS,affiliate,affiliate:1,1,risk-factors,,,resources/filings_large_sample/0001213900-23-017859.txt,false
0001213900-23-023646.txt_mentions_eversource-energy_mentioned.txt,VS Trust,0001793497,2022-12-31,10-K,EVERSOURCE ENERGY,72741,ES,mentioned,mentioned:1,1,risk-factors,principal,,resources/filings_large_sample/0001213900-23-023646.txt,false
0001213900-23-023828.txt_mentions_amazon-com-inc_mentioned.txt,Social Leverage Acquisition Corp I,0001834755,2022-12-31,10-K,AMAZON COM INC,1018724,AMZN,mentioned,mentioned:1,1,risk-factors,,,resources/filings_large_sample/0001213900-23-023828.txt,false
0001213900-23-023828.txt_mentions_lyft-inc_investment.txt,Social Leverage Acquisition Corp I,0001834755,2022-12-31,10-K,"Lyft, Inc.",1759509,LYFT,investment,investment:1,1,risk-factors,,,resources/filings_large_sample/0001213900-23-023828.txt,false
0001213900-23-023828.txt_mentions_intel-corp_mentioned.txt,Social Leverage Acquisition Corp I,0001834755,2022-12-31,10-K,INTEL CORP,50863,INTC,mentioned,mentioned:1,1,risk-factors,,,resources/filings_large_sample/0001213900-23-023828.txt,false
0001213900-23-023828.txt_mentions_apple-inc_mentioned.txt,Social Leverage Acquisition Corp I,0001834755,2022-12-31,10-K,Apple Inc.,320193,AAPL,mentioned,mentioned:1,1,risk-factors,,,resources/filings_large_sample/0001213900-23-023828.txt,false
0001213900-23-023828.txt_mentions_microsoft-corp_acquisition.txt,Social Leverage Acquisition Corp I,0001834755,2022-12-31,10-K,MICROSOFT CORP,789019,MSFT,acquisition,acquisition:1,1,risk-factors,,$1.8 billion; 1.8 billion ,resources/filings_large_sample/0001213900-23-023828.txt,false
0001213900-23-023828.txt_mentions_spotify-technology-s-a_mentioned.txt,Social Leverage Acquisition Corp I,0001834755,2022-12-31,10-K,Spotify Technology S.A.,1639920,SPOT,mentioned,mentioned:1,1,risk-factors,,,resources/filings_large_sample/0001213900-23-023828.txt,false
0001213900-23-025543.txt_mentions_perfect-moment-ltd_partner.txt,Venetian-1 Acquisition Corp.,0001900520,2022-12-31,10-K,Perfect Moment Ltd.,1849221,PMNT,partner,partner:1,1,risk-factors,,,resources/filings_large_sample/0001213900-23-025543.txt,false
0001213900-24-024363.txt_mentions_amazon-com-inc_mentioned.txt,authID Inc.,0001534154,2023-12-31,10-K,AMAZON COM INC,1018724,AMZN,mentioned,mentioned:1,1,risk-factors,,,resources/filings_large_sample/0001213900-24-024363.txt,false
0001213900-24-024363.txt_mentions_microsoft-corp_mentioned.txt,authID Inc.,0001534154,2023-12-31,10-K,MICROSOFT CORP,789019,MSFT,mentioned,mentioned:1,1,risk-factors,,,resources/filings_large_sample/0001213900-24-024363.txt,false
0001213900-24-025586.txt_mentions_dominion-energy-inc_mentioned.txt,Zeo Energy Corp.,0001865506,2023-12-31,10-K,"DOMINION ENERGY, INC",715957,D,mentioned,mentioned:1,1,risk-factors,,,resources/filings_large_sample/0001213900-24-025586.txt,false
0001213900-24-025586.txt_mentions_sm-energy-co_mentioned.txt,Zeo Energy Corp.,0001865506,2023-12-31,10-K,SM Energy Co,893538,SM,mentioned,mentioned:1,1,risk-factors,,,resources/filings_large_sample/0001213900-24-025586.txt,false
0001213900-25-022217.txt_mentions_amazon-com-inc_mentioned.txt,Bleichroeder Acquisition Corp. I,0002028707,2024-12-31,10-K,AMAZON COM INC,1018724,AMZN,mentioned,mentioned:1,1,risk-factors,,,resources/filings_large_sample/0001213900-25-022217.txt,false
0001213900-25-026346.txt_mentions_apple-inc_mentioned.txt,byNordic Acquisition Corp,0001801417,2024-12-31,10-K,Apple Inc.,320193,AAPL,mentioned,mentioned:1,1,risk-factors,,,resources/filings_large_sample/0001213900-25-026346.txt,false
0001286043-23-000023.txt_mentions_best-buy-co-inc_mentioned.txt,KITE REALTY GROUP TRUST,0001286043,2022-12-31,10-K,BEST BUY CO INC,764478,BBY,mentioned,mentioned:1,1,unknown,,"$ 14,469 ",resources/filings_large_sample/0001286043-23-000023.txt,false
0001286139-24-000031.txt_mentions_spectrum-brands-holdings-inc_mentioned.txt,"LEGALZOOM.COM, INC.",0001286139,2023-12-31,10-K,"Spectrum Brands Holdings, Inc.",109177,SPB,mentioned,mentioned:1,1,unknown,,,resources/filings_large_sample/0001286139-24-000031.txt,false
0001286139-24-000031.txt_mentions_amazon-com-inc_mentioned.txt,"LEGALZOOM.COM, INC.",0001286139,2023-12-31,10-K,AMAZON COM INC,1018724,AMZN,mentioned,mentioned:1,1,unknown,,,resources/filings_large_sample/0001286139-24-000031.txt,false
0001286139-24-000031.txt_mentions_meta-platforms-inc_mentioned.txt,"LEGALZOOM.COM, INC.",0001286139,2023-12-31,10-K,"Meta Platforms, Inc.",1326801,META,mentioned,mentioned:1,1,unknown,,,resources/filings_large_sample/0001286139-24-000031.txt,false
0001286139-24-000031.txt_mentions_pimco-corporate-income-opportunity-fund_investment.txt,"LEGALZOOM.COM, INC.",0001286139,2023-12-31,10-K,PIMCO CORPORATE & INCOME OPPORTUNITY FUND,1190935,PTY,investment,investment:1,1,unknown,,$1.5 ,resources/filings_large_sample/0001286139-24-000031.txt,false
0001321655-23-000011.txt_mentions_microsoft-corp_mentioned-customer.txt,Palantir Technologies Inc.,0001321655,2022-12-31,10-K,MICROSOFT CORP,789019,MSFT,"mentioned,customer","mentioned:2,customer:1",3,"md-and-a,unknown",key,,resources/filings_large_sample/0001321655-23-000011.txt,false
0001321655-23-000011.txt_mentions_international-business-machines-corp_supplier.txt,Palantir Technologies Inc.,0001321655,2022-12-31,10-K,INTERNATIONAL BUSINESS MACHINES CORP,51143,IBM,supplier,supplier:1,1,unknown,,,resources/filings_large_sample/0001321655-23-000011.txt,false
0001321655-23-000011.txt_mentions_amazon-com-inc_customer.txt,Palantir Technologies Inc.,0001321655,2022-12-31,10-K,AMAZON COM INC,1018724,AMZN,customer,customer:1,1,unknown,,,resources/filings_large_sample/0001321655-23-000011.txt,false
0001326771-25-000054.txt_mentions_ford-motor-co_mentioned.txt,Federal Home Loan Bank of Cincinnati,0001326771,2024-12-31,10-K,FORD MOTOR CO,37996,F-PB,mentioned,mentioned:4,4,unknown,,"$ 160,813 ",resources/filings_large_sample/0001326771-25-000054.txt,false
0001326771-25-000054.txt_mentions_tennessee-valley-authority_mentioned.txt,Federal Home Loan Bank of Cincinnati,0001326771,2024-12-31,10-K,Tennessee Valley Authority,1376986,TVE,mentioned,mentioned:1,1,unknown,,,resources/filings_large_sample/0001326771-25-000054.txt,false
0001331463-25-000051.txt_mentions_ares-management-corp_mentioned.txt,Federal Home Loan Bank of Boston,0001331463,2024-12-31,10-K,Ares Management Corp,1176948,ARES-PB,mentioned,mentioned:1,1,unknown,,,resources/filings_large_sample/0001331463-25-000051.txt,false
0001331463-25-000051.txt_mentions_aon-plc_mentioned.txt,Federal Home Loan Bank of Boston,0001331463,2024-12-31,10-K,Aon plc,315293,AON,mentioned,mentioned:1,1,unknown,,,resources/filings_large_sample/0001331463-25-000051.txt,false
0001331463-25-000051.txt_mentions_edwards-lifesciences-corp_partner.txt,Federal Home Loan Bank of Boston,0001331463,2024-12-31,10-K,Edwards Lifesciences Corp,1099800,EW,partner,partner:1,1,unknown,,,resources/filings_large_sample/0001331463-25-000051.txt,false
0001332349-25-000037.txt_mentions_diversified-healthcare-trust_mentioned.txt,Brookdale Senior Living Inc.,0001332349,2024-12-31,10-K,DIVERSIFIED HEALTHCARE TRUST,1075415,DHCNI,mentioned,mentioned:2,2,unknown,,$135.0 million; $10.2 million; 10.2 million ,resources/filings_large_sample/0001332349-25-000037.txt,false
0001332349-25-000037.txt_mentions_omega-healthcare-investors-inc_investment.txt,Brookdale Senior Living Inc.,0001332349,2024-12-31,10-K,OMEGA HEALTHCARE INVESTORS INC,888491,OHI,investment,investment:1,1,unknown,,,resources/filings_large_sample/0001332349-25-000037.txt,false
0001332349-25-000037.txt_mentions_hca-healthcare-inc_affiliate.txt,Brookdale Senior Living Inc.,0001332349,2024-12-31,10-K,"HCA Healthcare, Inc.",860730,HCA,affiliate,affiliate:1,1,unknown,,$7.5 million; 7.5 million ,resources/filings_large_sample/0001332349-25-000037.txt,false
0001341318-23-000020.txt_mentions_federal-home-loan-mortgage-corp_mentioned.txt,"LAKE SHORE BANCORP, INC.",0001341318,2022-12-31,10-K,FEDERAL HOME LOAN MORTGAGE CORP,1026214,FMCCG,mentioned,mentioned:3,3,unknown,,"$647,200 ; $1.0 million; $13.0 million; 1.0 million ; $ 86,118 ; $ 73,039 ; $11,000 ; $33,000, ",resources/filings_large_sample/0001341318-23-000020.txt,false
0001341318-23-000020.txt_mentions_lakeshore-biopharma-co-ltd_mentioned.txt,"LAKE SHORE BANCORP, INC.",0001341318,2022-12-31,10-K,"LakeShore Biopharma Co., Ltd.",1946399,LSBCF,mentioned,mentioned:1,1,risk-factors,,,resources/filings_large_sample/0001341318-23-000020.txt,false
0001376474-23-000185.txt_mentions_apple-inc_mentioned.txt,FULLNET COMMUNICATIONS INC,0001092570,2022-12-31,10-K,Apple Inc.,320193,AAPL,mentioned,mentioned:1,1,risk-factors,,,resources/filings_large_sample/0001376474-23-000185.txt,false
0001387131-23-002697.txt_mentions_credit-suisse-ag_mentioned.txt,abrdn Precious Metals Basket ETF Trust,0001483386,2022-12-31,10-K,CREDIT SUISSE AG,1053092,USOI,mentioned,mentioned:1,1,risk-factors,,,resources/filings_large_sample/0001387131-23-002697.txt,false
0001387131-23-002697.txt_mentions_ucommune-international-ltd_mentioned.txt,abrdn Precious Metals Basket ETF Trust,0001483386,2022-12-31,10-K,Ucommune International Ltd,1821424,UK,mentioned,mentioned:1,1,risk-factors,,,resources/filings_large_sample/0001387131-23-002697.txt,false
0001387131-23-002697.txt_mentions_goldman-sachs-group-inc_mentioned.txt,abrdn Precious Metals Basket ETF Trust,0001483386,2022-12-31,10-K,GOLDMAN SACHS GROUP INC,886982,GS-PC,mentioned,mentioned:1,1,risk-factors,,,resources/filings_large_sample/0001387131-23-002697.txt,false
0001387131-23-002697.txt_mentions_morgan-stanley_mentioned.txt,abrdn Precious Metals Basket ETF Trust,0001483386,2022-12-31,10-K,MORGAN STANLEY,895421,MS-PQ,mentioned,mentioned:1,1,risk-factors,,,resources/filings_large_sample/0001387131-23-002697.txt,false
0001397911-23-000024.txt_mentions_morgan-stanley_mentioned.txt,LPL Financial Holdings Inc.,0001397911,2022-12-31,10-K,MORGAN STANLEY,895421,MS-PQ,mentioned,mentioned:2,2,unknown,,,resources/filings_large_sample/0001397911-23-000024.txt,false
0001397911-23-000024.txt_mentions_intel-corp_customer.txt,LPL Financial Holdings Inc.,0001397911,2022-12-31,10-K,INTEL CORP,50863,INTC,customer,customer:1,1,unknown,,,resources/filings_large_sample/0001397911-23-000024.txt,false
0001397911-23-000024.txt_mentions_m-t-bank-corp_mentioned.txt,LPL Financial Holdings Inc.,0001397911,2022-12-31,10-K,M&T BANK CORP,36270,MTB-PK,mentioned,mentioned:1,1,unknown,,,resources/filings_large_sample/0001397911-23-000024.txt,false
0001403475-24-000012.txt_mentions_federal-home-loan-mortgage-corp_mentioned.txt,Bank of Marin Bancorp,0001403475,2023-12-31,10-K,FEDERAL HOME LOAN MORTGAGE CORP,1026214,FMCCG,mentioned,mentioned:2,2,unknown,,,resources/filings_large_sample/0001403475-24-000012.txt,false
0001410384-25-000010.txt_mentions_morgan-stanley_mentioned.txt,"Q2 Holdings, Inc.",0001410384,2024-12-31,10-K,MORGAN STANLEY,895421,MS-PQ,mentioned,mentioned:1,1,signatures,,,resources/filings_large_sample/0001410384-25-000010.txt,false
0001410384-25-000010.txt_mentions_amazon-com-inc_mentioned.txt,"Q2 Holdings, Inc.",0001410384,2024-12-31,10-K,AMAZON COM INC,1018724,AMZN,mentioned,mentioned:1,1,unknown,,,resources/filings_large_sample/0001410384-25-000010.txt,false
0001410384-25-000010.txt_mentions_microsoft-corp_mentioned.txt,"Q2 Holdings, Inc.",0001410384,2024-12-31,10-K,MICROSOFT CORP,789019,MSFT,mentioned,mentioned:1,1,unknown,,,resources/filings_large_sample/0001410384-25-000010.txt,false
0001410578-23-000165.txt_mentions_marygold-companies-inc_affiliate.txt,United States Commodity Index Funds Trust,0001479247,2022-12-31,10-K,"Marygold Companies, Inc.",1005101,MGLD,affiliate,affiliate:1,1,unknown,,,resources/filings_large_sample/0001410578-23-000165.txt,false
0001410578-23-000165.txt_mentions_jefferies-financial-group-inc_mentioned.txt,United States Commodity Index Funds Trust,0001479247,2022-12-31,10-K,Jefferies Financial Group Inc.,96223,JEF,mentioned,mentioned:1,1,unknown,,,resources/filings_large_sample/0001410578-23-000165.txt,false
0001410578-23-000543.txt_mentions_ford-motor-co_mentioned.txt,PHOENIX MOTOR INC.,0001879848,2022-12-31,10-K,FORD MOTOR CO,37996,F-PB,mentioned,mentioned:7,7,"unknown,business,supply-chain",major,$ 3 ; $ 150 ; $44 ,resources/filings_large_sample/0001410578-23-000543.txt,false
0001410578-23-000543.txt_mentions_tesla-inc_mentioned.txt,PHOENIX MOTOR INC.,0001879848,2022-12-31,10-K,"Tesla, Inc.",1318605,TSLA,mentioned,mentioned:2,2,"unknown,supply-chain",major,,resources/filings_large_sample/0001410578-23-000543.txt,false
0001410578-23-000543.txt_mentions_bio-techne-corp_mentioned.txt,PHOENIX MOTOR INC.,0001879848,2022-12-31,10-K,BIO-TECHNE Corp,842023,TECH,mentioned,mentioned:1,1,unknown,,,resources/filings_large_sample/0001410578-23-000543.txt,false
0001410578-23-000543.txt_mentions_magna-mining-inc_mentioned.txt,PHOENIX MOTOR INC.,0001879848,2022-12-31,10-K,MAGNA MINING INC.,1965615,MGMNF,mentioned,mentioned:1,1,unknown,,,resources/filings_large_sample/0001410578-23-000543.txt,false
0001410578-23-000543.txt_mentions_honda-motor-co-ltd_mentioned.txt,PHOENIX MOTOR INC.,0001879848,2022-12-31,10-K,HONDA MOTOR CO LTD,715153,HMC,mentioned,mentioned:1,1,supply-chain,,,resources/filings_large_sample/0001410578-23-000543.txt,false
0001410578-23-000543.txt_mentions_mitsubishi-gas-chemical-company-inc-adr_mentioned.txt,PHOENIX MOTOR INC.,0001879848,2022-12-31,10-K,"Mitsubishi Gas Chemical Company, Inc./ADR",2079706,MBGCF,mentioned,mentioned:1,1,unknown,,,resources/filings_large_sample/0001410578-23-000543.txt,false
0001410578-23-000543.txt_mentions_rivian-automotive-inc-de_mentioned.txt,PHOENIX MOTOR INC.,0001879848,2022-12-31,10-K,"Rivian Automotive, Inc. / DE",1874178,RIVN,mentioned,mentioned:1,1,unknown,,,resources/filings_large_sample/0001410578-23-000543.txt,false
0001410578-23-000543.txt_mentions_toyota-motor-corp_mentioned.txt,PHOENIX MOTOR INC.,0001879848,2022-12-31,10-K,TOYOTA MOTOR CORP/,1094517,TOYOF,mentioned,mentioned:1,1,unknown,,,resources/filings_large_sample/0001410578-23-000543.txt,false
0001410578-25-000114.txt_mentions_limbach-holdings-inc_acquisition.txt,Aldel Financial II Inc.,0002031561,2024-12-31,10-K,"Limbach Holdings, Inc.",1606163,LMB,acquisition,acquisition:2,2,unknown,,,resources/filings_large_sample/0001410578-25-000114.txt,false
0001410578-25-000338.txt_mentions_barclays-plc_mentioned-partner.txt,Graf Global Corp.,0001897463,2024-12-31,10-K,BARCLAYS PLC,312069,BCS,"mentioned,partner","mentioned:1,partner:1",2,unknown,principal,,resources/filings_large_sample/0001410578-25-000338.txt,false
0001410578-25-000338.txt_mentions_cipher-mining-inc_acquisition.txt,Graf Global Corp.,0001897463,2024-12-31,10-K,Cipher Mining Inc.,1819989,CIFR,acquisition,acquisition:1,1,unknown,,,resources/filings_large_sample/0001410578-25-000338.txt,false
0001410578-25-000338.txt_mentions_verizon-communications-inc_customer.txt,Graf Global Corp.,0001897463,2024-12-31,10-K,VERIZON COMMUNICATIONS INC,732712,VZ,customer,customer:1,1,unknown,,,resources/filings_large_sample/0001410578-25-000338.txt,false
0001410578-25-000338.txt_mentions_crown-lng-holdings-ltd_mentioned.txt,Graf Global Corp.,0001897463,2024-12-31,10-K,Crown LNG Holdings Ltd,1991946,CGBSF,mentioned,mentioned:1,1,unknown,,,resources/filings_large_sample/0001410578-25-000338.txt,false
0001410578-25-000338.txt_mentions_goldman-sachs-group-inc_affiliate.txt,Graf Global Corp.,0001897463,2024-12-31,10-K,GOLDMAN SACHS GROUP INC,886982,GS-PC,affiliate,affiliate:1,1,unknown,,,resources/filings_large_sample/0001410578-25-000338.txt,false
0001413447-23-000006.txt_mentions_barclays-bank-plc_mentioned.txt,NXP Semiconductors N.V.,0001413447,2022-12-31,10-K,BARCLAYS BANK PLC,312070,VXX,mentioned,mentioned:2,2,unknown,,,resources/filings_large_sample/0001413447-23-000006.txt,false
0001413447-23-000006.txt_mentions_amazon-com-inc_mentioned.txt,NXP Semiconductors N.V.,0001413447,2022-12-31,10-K,AMAZON COM INC,1018724,AMZN,mentioned,mentioned:1,1,unknown,,,resources/filings_large_sample/0001413447-23-000006.txt,false
0001413447-23-000006.txt_mentions_apple-inc_supplier.txt,NXP Semiconductors N.V.,0001413447,2022-12-31,10-K,Apple Inc.,320193,AAPL,supplier,supplier:1,1,unknown,largest,,resources/filings_large_sample/0001413447-23-000006.txt,false
0001413447-23-000006.txt_mentions_aptiv-plc_supplier.txt,NXP Semiconductors N.V.,0001413447,2022-12-31,10-K,Aptiv PLC,1521332,APTV,supplier,supplier:1,1,unknown,,,resources/filings_large_sample/0001413447-23-000006.txt,false
0001413447-23-000006.txt_mentions_intel-corp_mentioned.txt,NXP Semiconductors N.V.,0001413447,2022-12-31,10-K,INTEL CORP,50863,INTC,mentioned,mentioned:1,1,unknown,,,resources/filings_large_sample/0001413447-23-000006.txt,false
0001413447-23-000006.txt_mentions_qualcomm-inc-de_mentioned.txt,NXP Semiconductors N.V.,0001413447,2022-12-31,10-K,QUALCOMM INC/DE,804328,QCOM,mentioned,mentioned:1,1,unknown,,,resources/filings_large_sample/0001413447-23-000006.txt,false
0001413447-23-000006.txt_mentions_infineon-technologies-ag_mentioned.txt,NXP Semiconductors N.V.,0001413447,2022-12-31,10-K,INFINEON TECHNOLOGIES AG,1107457,IFNNF,mentioned,mentioned:1,1,unknown,key,,resources/filings_large_sample/0001413447-23-000006.txt,false
0001423774-24-000079.txt_mentions_microsoft-corp_mentioned-customer.txt,ZUORA INC,0001423774,2024-01-31,10-K,MICROSOFT CORP,789019,MSFT,"mentioned,customer","mentioned:1,customer:2",3,"supply-chain,unknown",,,resources/filings_large_sample/0001423774-24-000079.txt,false
0001423774-24-000079.txt_mentions_amazon-com-inc_mentioned.txt,ZUORA INC,0001423774,2024-01-31,10-K,AMAZON COM INC,1018724,AMZN,mentioned,mentioned:1,1,unknown,,,resources/filings_large_sample/0001423774-24-000079.txt,false
0001441816-24-000049.txt_mentions_microsoft-corp_partner-mentioned-customer.txt,"MongoDB, Inc.",0001441816,2024-01-31,10-K,MICROSOFT CORP,789019,MSFT,"partner,mentioned,customer","partner:1,mentioned:3,customer:1",5,unknown,major,,resources/filings_large_sample/0001441816-24-000049.txt,false
0001441816-24-000049.txt_mentions_amazon-com-inc_mentioned-customer.txt,"MongoDB, Inc.",0001441816,2024-01-31,10-K,AMAZON COM INC,1018724,AMZN,"mentioned,customer","mentioned:2,customer:1",3,unknown,major,,resources/filings_large_sample/0001441816-24-000049.txt,false
0001441816-24-000049.txt_mentions_morgan-stanley_mentioned.txt,"MongoDB, Inc.",0001441816,2024-01-31,10-K,MORGAN STANLEY,895421,MS-PQ,mentioned,mentioned:3,3,unknown,,$0.001 ,resources/filings_large_sample/0001441816-24-000049.txt,false
0001441816-24-000049.txt_mentions_goldman-sachs-group-inc_mentioned.txt,"MongoDB, Inc.",0001441816,2024-01-31,10-K,GOLDMAN SACHS GROUP INC,886982,GS-PC,mentioned,mentioned:1,1,unknown,,,resources/filings_large_sample/0001441816-24-000049.txt,false
0001441816-25-000057.txt_mentions_microsoft-corp_mentioned-partner-customer.txt,"MongoDB, Inc.",0001441816,2025-01-31,10-K,MICROSOFT CORP,789019,MSFT,"mentioned,partner,customer","mentioned:3,partner:1,customer:1",5,unknown,major,,resources/filings_large_sample/0001441816-25-000057.txt,false
0001441816-25-000057.txt_mentions_amazon-com-inc_customer-mentioned.txt,"MongoDB, Inc.",0001441816,2025-01-31,10-K,AMAZON COM INC,1018724,AMZN,"customer,mentioned","customer:1,mentioned:1",2,unknown,major,,resources/filings_large_sample/0001441816-25-000057.txt,false
0001441816-25-000057.txt_mentions_goldman-sachs-group-inc_mentioned.txt,"MongoDB, Inc.",0001441816,2025-01-31,10-K,GOLDMAN SACHS GROUP INC,886982,GS-PC,mentioned,mentioned:1,1,unknown,,,resources/filings_large_sample/0001441816-25-000057.txt,false
0001441816-25-000057.txt_mentions_morgan-stanley_mentioned.txt,"MongoDB, Inc.",0001441816,2025-01-31,10-K,MORGAN STANLEY,895421,MS-PQ,mentioned,mentioned:1,1,unknown,,,resources/filings_large_sample/0001441816-25-000057.txt,false
0001449488-23-000007.txt_mentions_greenpower-motor-co-inc_partner.txt,CSI Compressco LP,0001449488,2022-12-31,10-K,GREENPOWER MOTOR Co INC.,1584547,GP,partner,partner:7,7,unknown,,,resources/filings_large_sample/0001449488-23-000007.txt,false
0001449488-23-000007.txt_mentions_tetra-technologies-inc_partner.txt,CSI Compressco LP,0001449488,2022-12-31,10-K,TETRA TECHNOLOGIES INC,844965,TTI,partner,partner:2,2,unknown,,10.95 million ,resources/filings_large_sample/0001449488-23-000007.txt,false
0001449488-23-000007.txt_mentions_finance-of-america-companies-inc_partner.txt,CSI Compressco LP,0001449488,2022-12-31,10-K,Finance of America Companies Inc.,1828937,FOACW,partner,partner:1,1,unknown,,$10 million; 10 million ,resources/filings_large_sample/0001449488-23-000007.txt,false
0001449488-23-000007.txt_mentions_asa-gold-precious-metals-ltd_partner.txt,CSI Compressco LP,0001449488,2022-12-31,10-K,ASA Gold & Precious Metals Ltd,1230869,ASA,partner,partner:1,1,unknown,,10.95 million ,resources/filings_large_sample/0001449488-23-000007.txt,false
0001449488-23-000007.txt_mentions_goldman-sachs-group-inc_investment.txt,CSI Compressco LP,0001449488,2022-12-31,10-K,GOLDMAN SACHS GROUP INC,886982,GS-PC,investment,investment:1,1,unknown,,,resources/filings_large_sample/0001449488-23-000007.txt,false
0001449488-23-000007.txt_mentions_sprott-focus-trust-inc_partner.txt,CSI Compressco LP,0001449488,2022-12-31,10-K,SPROTT FOCUS TRUST INC.,825202,FUND,partner,partner:1,1,unknown,,,resources/filings_large_sample/0001449488-23-000007.txt,false
0001459200-25-000004.txt_mentions_amazon-com-inc_mentioned.txt,"Alarm.com Holdings, Inc.",0001459200,2024-12-31,10-K,AMAZON COM INC,1018724,AMZN,mentioned,mentioned:3,2,unknown,,,resources/filings_large_sample/0001459200-25-000004.txt,false
0001459200-25-000004.txt_mentions_apple-inc_mentioned.txt,"Alarm.com Holdings, Inc.",0001459200,2024-12-31,10-K,Apple Inc.,320193,AAPL,mentioned,mentioned:2,2,unknown,,,resources/filings_large_sample/0001459200-25-000004.txt,false
0001459200-25-000004.txt_mentions_adt-inc_partner.txt,"Alarm.com Holdings, Inc.",0001459200,2024-12-31,10-K,ADT Inc.,1703056,ADT,partner,partner:1,1,unknown,,,resources/filings_large_sample/0001459200-25-000004.txt,false
0001477294-23-000010.txt_mentions_barclays-bank-plc_affiliate.txt,Sensata Technologies Holding plc,0001477294,2022-12-31,10-K,BARCLAYS BANK PLC,312070,VXX,affiliate,affiliate:2,2,unknown,,,resources/filings_large_sample/0001477294-23-000010.txt,false
0001481792-24-000007.txt_mentions_levi-strauss-co_mentioned.txt,"Quad/Graphics, Inc.",0001481792,2023-12-31,10-K,LEVI STRAUSS & CO,94845,LEVI,mentioned,mentioned:1,1,unknown,,,resources/filings_large_sample/0001481792-24-000007.txt,false
0001482981-25-000032.txt_mentions_amazon-com-inc_mentioned.txt,"Vita Coco Company, Inc.",0001482981,2024-12-31,10-K,AMAZON COM INC,1018724,AMZN,mentioned,mentioned:1,1,unknown,major,,resources/filings_large_sample/0001482981-25-000032.txt,false
0001495240-25-000005.txt_mentions_gladstone-capital-corp_mentioned-affiliate.txt,GLADSTONE LAND Corp,0001495240,2024-12-31,10-K,GLADSTONE CAPITAL CORP,1143513,GLAD,"mentioned,affiliate","mentioned:1,affiliate:1",2,unknown,,,resources/filings_large_sample/0001495240-25-000005.txt,false
0001495240-25-000005.txt_mentions_federal-agricultural-mortgage-corp_partner-mentioned.txt,GLADSTONE LAND Corp,0001495240,2024-12-31,10-K,FEDERAL AGRICULTURAL MORTGAGE CORP,845877,AGM-A,"partner,mentioned","partner:1,mentioned:1",2,unknown,,$225.0 million; 225.0 million ,resources/filings_large_sample/0001495240-25-000005.txt,false
0001495240-25-000005.txt_mentions_gladstone-commercial-corp_investment.txt,GLADSTONE LAND Corp,0001495240,2024-12-31,10-K,GLADSTONE COMMERCIAL CORP,1234006,GOODN,investment,investment:1,1,unknown,,,resources/filings_large_sample/0001495240-25-000005.txt,false
0001531152-24-000026.txt_mentions_bain-capital-gss-investment-corp_mentioned.txt,"BJ's Wholesale Club Holdings, Inc.",0001531152,2024-02-03,10-K,Bain Capital GSS Investment Corp.,2064355,BCSS-UN,mentioned,mentioned:1,1,supply-chain,,,resources/filings_large_sample/0001531152-24-000026.txt,false
0001531152-24-000026.txt_mentions_apple-inc_mentioned.txt,"BJ's Wholesale Club Holdings, Inc.",0001531152,2024-02-03,10-K,Apple Inc.,320193,AAPL,mentioned,mentioned:1,1,unknown,,,resources/filings_large_sample/0001531152-24-000026.txt,false
0001531152-24-000026.txt_mentions_advantage-solutions-inc_supplier.txt,"BJ's Wholesale Club Holdings, Inc.",0001531152,2024-02-03,10-K,Advantage Solutions Inc.,1776661,ADV,supplier,supplier:1,1,unknown,,,resources/filings_large_sample/0001531152-24-000026.txt,false
0001534701-23-000053.txt_mentions_ford-motor-co_mentioned-joint-venture.txt,Phillips 66,0001534701,2022-12-31,10-K,FORD MOTOR CO,37996,F-PB,"mentioned,joint-venture","mentioned:3,joint-venture:1",4,unknown,,,resources/filings_large_sample/0001534701-23-000053.txt,false
0001534701-23-000053.txt_mentions_novonix-ltd_affiliate-investment.txt,Phillips 66,0001534701,2022-12-31,10-K,NOVONIX Ltd,1859795,NVX,"affiliate,investment","affiliate:1,investment:2",3,"unknown,notes-to-financials",,78 million ,resources/filings_large_sample/0001534701-23-000053.txt,false
0001534701-23-000053.txt_mentions_lyondellbasell-industries-n-v_partner-mentioned.txt,Phillips 66,0001534701,2022-12-31,10-K,LyondellBasell Industries N.V.,1489393,LYB,"partner,mentioned","partner:1,mentioned:1",2,unknown,,,resources/filings_large_sample/0001534701-23-000053.txt,false
0001534701-23-000053.txt_mentions_chevron-corp_supplier.txt,Phillips 66,0001534701,2022-12-31,10-K,CHEVRON CORP,93410,CVX,supplier,supplier:1,1,unknown,,,resources/filings_large_sample/0001534701-23-000053.txt,false
0001534701-23-000053.txt_mentions_mplx-lp_partner.txt,Phillips 66,0001534701,2022-12-31,10-K,MPLX LP,1552000,MPLX,partner,partner:1,1,unknown,,,resources/filings_large_sample/0001534701-23-000053.txt,false
0001538210-23-000007.txt_mentions_teva-pharmaceutical-industries-ltd_mentioned.txt,"NexImmune, Inc.",0001538210,2022-12-31,10-K,TEVA PHARMACEUTICAL INDUSTRIES LTD,818686,TEVA,mentioned,mentioned:1,1,unknown,,,resources/filings_large_sample/0001538210-23-000007.txt,false
0001538210-23-000007.txt_mentions_adaptimmune-therapeutics-plc_mentioned.txt,"NexImmune, Inc.",0001538210,2022-12-31,10-K,Adaptimmune Therapeutics PLC,1621227,ADAPY,mentioned,mentioned:1,1,unknown,,,resources/filings_large_sample/0001538210-23-000007.txt,false
0001538210-23-000007.txt_mentions_immatics-n-v_mentioned.txt,"NexImmune, Inc.",0001538210,2022-12-31,10-K,Immatics N.V.,1809196,IMTX,mentioned,mentioned:1,1,unknown,,,resources/filings_large_sample/0001538210-23-000007.txt,false
0001538210-23-000007.txt_mentions_novartis-ag_mentioned.txt,"NexImmune, Inc.",0001538210,2022-12-31,10-K,NOVARTIS AG,1114448,NVS,mentioned,mentioned:1,1,unknown,,,resources/filings_large_sample/0001538210-23-000007.txt,false
0001541401-25-000003.txt_mentions_empire-state-realty-op-l-p_partner.txt,"Empire State Realty Trust, Inc.",0001541401,2024-12-31,10-K,"Empire State Realty OP, L.P.",1553079,FISK,partner,partner:1,1,unknown,,,resources/filings_large_sample/0001541401-25-000003.txt,false
0001549922-23-000006.txt_mentions_credit-suisse-ag_partner-mentioned.txt,"Summit Midstream Partners, LP",0001549922,2022-12-31,10-K,CREDIT SUISSE AG,1053092,USOI,"partner,mentioned","partner:1,mentioned:1",2,unknown,,,resources/filings_large_sample/0001549922-23-000006.txt,false
0001549922-23-000006.txt_mentions_baker-hughes-co_mentioned.txt,"Summit Midstream Partners, LP",0001549922,2022-12-31,10-K,Baker Hughes Co,1701605,BKR,mentioned,mentioned:2,2,unknown,,,resources/filings_large_sample/0001549922-23-000006.txt,false
0001549922-23-000006.txt_mentions_exxon-mobil-corp_mentioned-joint-venture.txt,"Summit Midstream Partners, LP",0001549922,2022-12-31,10-K,EXXON MOBIL CORP,34088,XOM,"mentioned,joint-venture","mentioned:1,joint-venture:1",2,unknown,,,resources/filings_large_sample/0001549922-23-000006.txt,false
0001549922-23-000006.txt_mentions_mplx-lp_joint-venture.txt,"Summit Midstream Partners, LP",0001549922,2022-12-31,10-K,MPLX LP,1552000,MPLX,joint-venture,joint-venture:1,1,unknown,,,resources/filings_large_sample/0001549922-23-000006.txt,false
0001549922-23-000006.txt_mentions_antero-resources-corp_mentioned.txt,"Summit Midstream Partners, LP",0001549922,2022-12-31,10-K,ANTERO RESOURCES Corp,1433270,AR,mentioned,mentioned:1,1,unknown,,,resources/filings_large_sample/0001549922-23-000006.txt,false
0001549922-23-000006.txt_mentions_antero-midstream-corp_mentioned.txt,"Summit Midstream Partners, LP",0001549922,2022-12-31,10-K,Antero Midstream Corp,1623925,AM,mentioned,mentioned:1,1,unknown,"primary,critical",,resources/filings_large_sample/0001549922-23-000006.txt,false
0001549922-23-000006.txt_mentions_global-partners-lp_partner.txt,"Summit Midstream Partners, LP",0001549922,2022-12-31,10-K,GLOBAL PARTNERS LP,1323468,GLP-PB,partner,partner:1,1,unknown,,,resources/filings_large_sample/0001549922-23-000006.txt,false
0001558370-23-000097.txt_mentions_microsoft-corp_mentioned.txt,HURCO COMPANIES INC,0000315374,2022-10-31,10-K,MICROSOFT CORP,789019,MSFT,mentioned,mentioned:1,1,supply-chain,,,resources/filings_large_sample/0001558370-23-000097.txt,false
0001558370-23-000097.txt_mentions_mitsubishi-gas-chemical-company-inc-adr_mentioned.txt,HURCO COMPANIES INC,0000315374,2022-10-31,10-K,"Mitsubishi Gas Chemical Company, Inc./ADR",2079706,MBGCF,mentioned,mentioned:1,1,unknown,,,resources/filings_large_sample/0001558370-23-000097.txt,false
0001558370-23-002252.txt_mentions_cannae-holdings-inc_partner.txt,"Black Knight, Inc.",0001627014,2022-12-31,10-K,"Cannae Holdings, Inc.",1704720,CNNE,partner,partner:1,1,notes-to-financials,,,resources/filings_large_sample/0001558370-23-002252.txt,false
0001558370-23-002252.txt_mentions_intercontinental-exchange-inc_mentioned.txt,"Black Knight, Inc.",0001627014,2022-12-31,10-K,"Intercontinental Exchange, Inc.",1571949,ICE,mentioned,mentioned:1,1,risk-factors,,,resources/filings_large_sample/0001558370-23-002252.txt,false
0001558370-23-002252.txt_mentions_fidelity-national-financial-inc_mentioned.txt,"Black Knight, Inc.",0001627014,2022-12-31,10-K,"Fidelity National Financial, Inc.",1331875,FNF,mentioned,mentioned:1,1,risk-factors,,,resources/filings_large_sample/0001558370-23-002252.txt,false
0001558370-23-002588.txt_mentions_public-service-co-of-new-mexico_mentioned.txt,INVIVO THERAPEUTICS HOLDINGS CORP.,0001292519,2022-12-31,10-K,PUBLIC SERVICE CO OF NEW MEXICO,81023,PNMXO,mentioned,mentioned:1,1,unknown,,,resources/filings_large_sample/0001558370-23-002588.txt,false
0001558370-23-002917.txt_mentions_bausch-lomb-corp_mentioned.txt,"Coherus BioSciences, Inc.",0001512762,2022-12-31,10-K,Bausch & Lomb Corp,1860742,BLCO,mentioned,mentioned:1,1,risk-factors,,,resources/filings_large_sample/0001558370-23-002917.txt,false
0001558370-23-002917.txt_mentions_fresenius-medical-care-ag_mentioned.txt,"Coherus BioSciences, Inc.",0001512762,2022-12-31,10-K,Fresenius Medical Care AG,1333141,FMS,mentioned,mentioned:1,1,risk-factors,,,resources/filings_large_sample/0001558370-23-002917.txt,false
0001558370-23-002917.txt_mentions_amneal-pharmaceuticals-inc_mentioned.txt,"Coherus BioSciences, Inc.",0001512762,2022-12-31,10-K,"Amneal Pharmaceuticals, Inc.",1723128,AMRX,mentioned,mentioned:1,1,risk-factors,,,resources/filings_large_sample/0001558370-23-002917.txt,false
0001558370-23-002917.txt_mentions_sanofi_mentioned.txt,"Coherus BioSciences, Inc.",0001512762,2022-12-31,10-K,Sanofi,1121404,SNYNF,mentioned,mentioned:1,1,risk-factors,,,resources/filings_large_sample/0001558370-23-002917.txt,false
0001558370-23-002917.txt_mentions_merck-co-inc_mentioned.txt,"Coherus BioSciences, Inc.",0001512762,2022-12-31,10-K,"Merck & Co., Inc.",310158,MRK,mentioned,mentioned:1,1,risk-factors,,,resources/filings_large_sample/0001558370-23-002917.txt,false
0001558370-23-002917.txt_mentions_bristol-myers-squibb-co_mentioned.txt,"Coherus BioSciences, Inc.",0001512762,2022-12-31,10-K,BRISTOL MYERS SQUIBB CO,14272,BMY,mentioned,mentioned:1,1,risk-factors,,,resources/filings_large_sample/0001558370-23-002917.txt,false
0001558370-23-002917.txt_mentions_astrazeneca-plc_mentioned.txt,"Coherus BioSciences, Inc.",0001512762,2022-12-31,10-K,ASTRAZENECA PLC,901832,AZN,mentioned,mentioned:1,1,risk-factors,,,resources/filings_large_sample/0001558370-23-002917.txt,false
0001558370-23-002917.txt_mentions_regeneron-pharmaceuticals-inc_mentioned.txt,"Coherus BioSciences, Inc.",0001512762,2022-12-31,10-K,"REGENERON PHARMACEUTICALS, INC.",872589,REGN,mentioned,mentioned:1,1,risk-factors,,,resources/filings_large_sample/0001558370-23-002917.txt,false
0001558370-23-003911.txt_mentions_london-stock-exchange-group-plc_mentioned.txt,"MAXCYTE, INC.",0001287098,2022-12-31,10-K,London Stock Exchange Group plc,1842726,LSEGY,mentioned,mentioned:1,1,risk-factors,,,resources/filings_large_sample/0001558370-23-003911.txt,false
0001558370-23-004581.txt_mentions_target-corp_partner.txt,"Ulta Beauty, Inc.",0001403568,2023-01-28,10-K,TARGET CORP,27419,TGT,partner,partner:3,3,"unknown,supply-chain",,,resources/filings_large_sample/0001558370-23-004581.txt,false
0001558370-23-004581.txt_mentions_state-street-corp_mentioned.txt,"Ulta Beauty, Inc.",0001403568,2023-01-28,10-K,STATE STREET CORP,93751,STT-PG,mentioned,mentioned:2,2,unknown,,,resources/filings_large_sample/0001558370-23-004581.txt,false
0001558370-23-004871.txt_mentions_jefferies-financial-group-inc_mentioned.txt,Milestone Pharmaceuticals Inc.,0001408443,2022-12-31,10-K,Jefferies Financial Group Inc.,96223,JEF,mentioned,mentioned:3,3,"signatures,unknown,notes-to-financials",,$5.0 million; $50 million; 50 million ; $2.6 million; $0.1 million; 2.6 million ,resources/filings_large_sample/0001558370-23-004871.txt,false
0001558370-23-005284.txt_mentions_krystal-biotech-inc_mentioned.txt,"Timber Pharmaceuticals, Inc.",0001504167,2022-12-31,10-K,"Krystal Biotech, Inc.",1711279,KRYS,mentioned,mentioned:2,2,unknown,,,resources/filings_large_sample/0001558370-23-005284.txt,false
0001558370-24-001534.txt_mentions_alpine-income-property-trust-inc_mentioned.txt,"CTO Realty Growth, Inc.",0000023795,2023-12-31,10-K,"Alpine Income Property Trust, Inc.",1786117,PINE,mentioned,mentioned:4,4,"unknown,exhibit-index,notes-to-financials",,"$ 34,953 ; $ 34,453 ; $1.7 million; $1.8 million; 1.7 million ; 1.8 million ",resources/filings_large_sample/0001558370-24-001534.txt,false
0001558370-24-001534.txt_mentions_bank-of-montreal-can_mentioned.txt,"CTO Realty Growth, Inc.",0000023795,2023-12-31,10-K,BANK OF MONTREAL /CAN/,927971,CARU,mentioned,mentioned:2,2,unknown,,,resources/filings_large_sample/0001558370-24-001534.txt,false
0001558370-24-001534.txt_mentions_general-dynamics-corp_mentioned.txt,"CTO Realty Growth, Inc.",0000023795,2023-12-31,10-K,GENERAL DYNAMICS CORP,40533,GD,mentioned,mentioned:1,1,unknown,,$11.5 million; $18.5 million; $14.8 million,resources/filings_large_sample/0001558370-24-001534.txt,false
0001558370-24-001534.txt_mentions_texas-community-bancshares-inc_partner.txt,"CTO Realty Growth, Inc.",0000023795,2023-12-31,10-K,"Texas Community Bancshares, Inc.",1849466,TCBS,partner,partner:1,1,commitments,,$0.8 million; 0.8 million ,resources/filings_large_sample/0001558370-24-001534.txt,false
0001558370-24-001703.txt_mentions_amazon-com-inc_mentioned.txt,"Camping World Holdings, Inc.",0001669779,2023-12-31,10-K,AMAZON COM INC,1018724,AMZN,mentioned,mentioned:2,1,unknown,,,resources/filings_large_sample/0001558370-24-001703.txt,false
0001558370-24-001703.txt_mentions_kelso-technologies-inc_investment.txt,"Camping World Holdings, Inc.",0001669779,2023-12-31,10-K,KELSO TECHNOLOGIES INC,1161814,KIQSF,investment,investment:1,1,unknown,,,resources/filings_large_sample/0001558370-24-001703.txt,false
0001558370-24-001703.txt_mentions_citigroup-inc_mentioned.txt,"Camping World Holdings, Inc.",0001669779,2023-12-31,10-K,CITIGROUP INC,831001,C-PN,mentioned,mentioned:1,1,unknown,,,resources/filings_large_sample/0001558370-24-001703.txt,false
0001558370-24-002013.txt_mentions_sirius-xm-holdings-inc_mentioned-affiliate-acquisition.txt,Liberty Media Corp,0001560385,2023-12-31,10-K,SIRIUS XM HOLDINGS INC.,908937,SIRI,"mentioned,affiliate,acquisition","mentioned:14,affiliate:2,acquisition:1",16,"business,unknown,md-and-a,notes-to-financials,risk-factors","substantial,significant,primary",$659 million; $314 million; $140 million; 659 million ; 314 million ; 140 million ,resources/filings_large_sample/0001558370-24-002013.txt,false
0001558370-24-002013.txt_mentions_apple-inc_mentioned.txt,Liberty Media Corp,0001560385,2023-12-31,10-K,Apple Inc.,320193,AAPL,mentioned,mentioned:6,6,"unknown,business","major,significant",,resources/filings_large_sample/0001558370-24-002013.txt,false
0001558370-24-002013.txt_mentions_amazon-com-inc_mentioned.txt,Liberty Media Corp,0001560385,2023-12-31,10-K,AMAZON COM INC,1018724,AMZN,mentioned,mentioned:5,5,"unknown,business",major,,resources/filings_large_sample/0001558370-24-002013.txt,false
0001558370-24-002013.txt_mentions_spotify-technology-s-a_mentioned.txt,Liberty Media Corp,0001560385,2023-12-31,10-K,Spotify Technology S.A.,1639920,SPOT,mentioned,mentioned:4,4,"unknown,business",major,,resources/filings_large_sample/0001558370-24-002013.txt,false
0001558370-24-002013.txt_mentions_ferrari-n-v_mentioned.txt,Liberty Media Corp,0001560385,2023-12-31,10-K,Ferrari N.V.,1648416,RACE,mentioned,mentioned:3,3,unknown,,,resources/filings_large_sample/0001558370-24-002013.txt,false
0001558370-24-002013.txt_mentions_liberty-broadband-corp_mentioned.txt,Liberty Media Corp,0001560385,2023-12-31,10-K,Liberty Broadband Corp,1611983,LBRDP,mentioned,mentioned:2,2,"notes-to-financials,risk-factors",,,resources/filings_large_sample/0001558370-24-002013.txt,false
0001558370-24-002013.txt_mentions_lucid-diagnostics-inc_mentioned.txt,Liberty Media Corp,0001560385,2023-12-31,10-K,Lucid Diagnostics Inc.,1799011,LUCD,mentioned,mentioned:1,1,unknown,,,resources/filings_large_sample/0001558370-24-002013.txt,false
0001558370-24-002013.txt_mentions_honda-motor-co-ltd_supplier.txt,Liberty Media Corp,0001560385,2023-12-31,10-K,HONDA MOTOR CO LTD,715153,HMC,supplier,supplier:1,1,unknown,,,resources/filings_large_sample/0001558370-24-002013.txt,false
0001558370-24-002013.txt_mentions_rivian-automotive-inc-de_mentioned.txt,Liberty Media Corp,0001560385,2023-12-31,10-K,"Rivian Automotive, Inc. / DE",1874178,RIVN,mentioned,mentioned:1,1,unknown,,,resources/filings_large_sample/0001558370-24-002013.txt,false
0001558370-24-002308.txt_mentions_benchmark-electronics-inc_supplier.txt,"Butterfly Network, Inc.",0001804176,2023-12-31,10-K,BENCHMARK ELECTRONICS INC,863436,BHE,supplier,supplier:2,2,"business,supply-chain",key,,resources/filings_large_sample/0001558370-24-002308.txt,false
0001558370-24-002308.txt_mentions_cardinal-health-inc_mentioned.txt,"Butterfly Network, Inc.",0001804176,2023-12-31,10-K,CARDINAL HEALTH INC,721371,CAH,mentioned,mentioned:1,1,supply-chain,,,resources/filings_large_sample/0001558370-24-002308.txt,false
0001558370-24-002308.txt_mentions_apple-inc_mentioned.txt,"Butterfly Network, Inc.",0001804176,2023-12-31,10-K,Apple Inc.,320193,AAPL,mentioned,mentioned:1,1,unknown,,,resources/filings_large_sample/0001558370-24-002308.txt,false
0001558370-24-002993.txt_mentions_airbnb-inc_mentioned.txt,Inspirato Inc,0001820566,2023-12-31,10-K,"Airbnb, Inc.",1559720,ABNB,mentioned,mentioned:1,1,risk-factors,,,resources/filings_large_sample/0001558370-24-002993.txt,false
0001558370-24-004396.txt_mentions_relief-therapeutics-holding-sa_mentioned-supplier.txt,"NRX Pharmaceuticals, Inc.",0001719406,2023-12-31,10-K,Relief Therapeutics Holding SA,1854078,RLFTF,"mentioned,supplier","mentioned:5,supplier:1",6,"unknown,notes-to-financials",,$0.4 million; 0.4 million ,resources/filings_large_sample/0001558370-24-004396.txt,false
0001558370-24-004396.txt_mentions_meta-platforms-inc_mentioned.txt,"NRX Pharmaceuticals, Inc.",0001719406,2023-12-31,10-K,"Meta Platforms, Inc.",1326801,META,mentioned,mentioned:1,1,unknown,,,resources/filings_large_sample/0001558370-24-004396.txt,false
0001558370-25-001818.txt_mentions_solaris-energy-infrastructure-inc_mentioned-acquisition-partner-affiliate.txt,"Aris Water Solutions, Inc.",0001865187,2024-12-31,10-K,"Solaris Energy Infrastructure, Inc.",1697500,SEI,"mentioned,acquisition,partner,affiliate","mentioned:20,acquisition:3,partner:4,affiliate:1",26,"unknown,md-and-a,related-party,notes-to-financials,risk-factors,financial-statements","principal,substantial,material","$0.7 million; $0.09 ; $0.105 ; $ 22,102 ; $ 19,793 ",resources/filings_large_sample/0001558370-25-001818.txt,false
0001558370-25-001818.txt_mentions_aris-mining-corp_mentioned.txt,"Aris Water Solutions, Inc.",0001865187,2024-12-31,10-K,Aris Mining Corp,1964504,ARMN,mentioned,mentioned:3,3,"notes-to-financials,financial-statements",,,resources/filings_large_sample/0001558370-25-001818.txt,false
0001558370-25-001830.txt_mentions_sirius-xm-holdings-inc_mentioned-affiliate.txt,Liberty Media Corp,0001560385,2024-12-31,10-K,SIRIUS XM HOLDINGS INC.,908937,SIRI,"mentioned,affiliate","mentioned:1,affiliate:5",5,"unknown,notes-to-financials,business",major,$205 million; $66 million; $6 million; 205 million ; 6 million ,resources/filings_large_sample/0001558370-25-001830.txt,false
0001558370-25-001830.txt_mentions_qvc-group-inc_mentioned.txt,Liberty Media Corp,0001560385,2024-12-31,10-K,"QVC Group, Inc.",1355096,QVCGB,mentioned,mentioned:6,6,"unknown,related-party,notes-to-financials,risk-factors",,$39 million; $1 ; 39 million ,resources/filings_large_sample/0001558370-25-001830.txt,false
0001558370-25-001830.txt_mentions_atlanta-braves-holdings-inc_affiliate-mentioned.txt,Liberty Media Corp,0001560385,2024-12-31,10-K,"Atlanta Braves Holdings, Inc.",1958140,BATRK,"affiliate,mentioned","affiliate:3,mentioned:1",4,"md-and-a,notes-to-financials,business",,,resources/filings_large_sample/0001558370-25-001830.txt,false
0001558370-25-001830.txt_mentions_ferrari-n-v_mentioned.txt,Liberty Media Corp,0001560385,2024-12-31,10-K,Ferrari N.V.,1648416,RACE,mentioned,mentioned:2,2,unknown,,,resources/filings_large_sample/0001558370-25-001830.txt,false
0001558370-25-001830.txt_mentions_liberty-broadband-corp_mentioned.txt,Liberty Media Corp,0001560385,2024-12-31,10-K,Liberty Broadband Corp,1611983,LBRDP,mentioned,mentioned:2,2,"notes-to-financials,risk-factors",,,resources/filings_large_sample/0001558370-25-001830.txt,false
0001558370-25-001830.txt_mentions_honda-motor-co-ltd_supplier.txt,Liberty Media Corp,0001560385,2024-12-31,10-K,HONDA MOTOR CO LTD,715153,HMC,supplier,supplier:1,1,unknown,,,resources/filings_large_sample/0001558370-25-001830.txt,false
0001558370-25-001830.txt_mentions_live-nation-entertainment-inc_mentioned.txt,Liberty Media Corp,0001560385,2024-12-31,10-K,"Live Nation Entertainment, Inc.",1335258,LYV,mentioned,mentioned:1,1,unknown,,,resources/filings_large_sample/0001558370-25-001830.txt,false
0001558370-25-002417.txt_mentions_kronos-worldwide-inc_mentioned.txt,NL INDUSTRIES INC,0000072162,2024-12-31,10-K,KRONOS WORLDWIDE INC,1257640,KRO,mentioned,mentioned:4,4,"exhibit-index,unknown",,"$ 36,456 ; $ 582 ; $ 69,261 ",resources/filings_large_sample/0001558370-25-002417.txt,false
0001558370-25-002417.txt_mentions_kronos-advanced-technologies-inc_mentioned.txt,NL INDUSTRIES INC,0000072162,2024-12-31,10-K,KRONOS ADVANCED TECHNOLOGIES INC,1108248,KNOS,mentioned,mentioned:3,3,exhibit-index,,,resources/filings_large_sample/0001558370-25-002417.txt,false
0001558370-25-002417.txt_mentions_tronox-holdings-plc_mentioned.txt,NL INDUSTRIES INC,0000072162,2024-12-31,10-K,Tronox Holdings plc,1530804,TROX,mentioned,mentioned:1,1,unknown,principal,,resources/filings_large_sample/0001558370-25-002417.txt,false
0001558370-25-003144.txt_mentions_lucid-diagnostics-inc_mentioned.txt,"Ramaco Resources, Inc.",0001687187,2024-12-31,10-K,Lucid Diagnostics Inc.,1799011,LUCD,mentioned,mentioned:1,1,unknown,,,resources/filings_large_sample/0001558370-25-003144.txt,false
0001558370-25-003707.txt_mentions_johnson-johnson_customer.txt,"CAPRICOR THERAPEUTICS, INC.",0001133869,2024-12-31,10-K,JOHNSON & JOHNSON,200406,JNJ,customer,customer:2,2,unknown,,$1.4 billion,resources/filings_large_sample/0001558370-25-003707.txt,false
0001558370-25-003707.txt_mentions_global-partners-lp_partner.txt,"CAPRICOR THERAPEUTICS, INC.",0001133869,2024-12-31,10-K,GLOBAL PARTNERS LP,1323468,GLP-PB,partner,partner:1,1,unknown,,,resources/filings_large_sample/0001558370-25-003707.txt,false
0001558370-25-004015.txt_mentions_amazon-com-inc_mentioned.txt,"MultiSensor AI Holdings, Inc.",0001863990,2024-12-31,10-K,AMAZON COM INC,1018724,AMZN,mentioned,mentioned:1,1,unknown,,,resources/filings_large_sample/0001558370-25-004015.txt,false
0001558370-25-004068.txt_mentions_novartis-ag_mentioned.txt,ProMIS Neurosciences Inc.,0001374339,2024-12-31,10-K,NOVARTIS AG,1114448,NVS,mentioned,mentioned:2,1,unknown,,,resources/filings_large_sample/0001558370-25-004068.txt,false
0001558370-25-004081.txt_mentions_merck-co-inc_mentioned.txt,"KALA BIO, Inc.",0001479419,2024-12-31,10-K,"Merck & Co., Inc.",310158,MRK,mentioned,mentioned:3,3,"unknown,supply-chain",,,resources/filings_large_sample/0001558370-25-004081.txt,false
0001558370-25-004081.txt_mentions_merus-n-v_mentioned.txt,"KALA BIO, Inc.",0001479419,2024-12-31,10-K,Merus N.V.,1651311,MRUS,mentioned,mentioned:1,1,unknown,,,resources/filings_large_sample/0001558370-25-004081.txt,false
0001558370-25-004081.txt_mentions_novartis-ag_acquisition.txt,"KALA BIO, Inc.",0001479419,2024-12-31,10-K,NOVARTIS AG,1114448,NVS,acquisition,acquisition:1,1,unknown,,,resources/filings_large_sample/0001558370-25-004081.txt,false
0001558370-25-004081.txt_mentions_ford-motor-co_mentioned.txt,"KALA BIO, Inc.",0001479419,2024-12-31,10-K,FORD MOTOR CO,37996,F-PB,mentioned,mentioned:1,1,unknown,,,resources/filings_large_sample/0001558370-25-004081.txt,false
0001558370-25-004081.txt_mentions_johnson-johnson_mentioned.txt,"KALA BIO, Inc.",0001479419,2024-12-31,10-K,JOHNSON & JOHNSON,200406,JNJ,mentioned,mentioned:1,1,unknown,,,resources/filings_large_sample/0001558370-25-004081.txt,false
0001558370-25-004081.txt_mentions_aon-plc_mentioned.txt,"KALA BIO, Inc.",0001479419,2024-12-31,10-K,Aon plc,315293,AON,mentioned,mentioned:1,1,unknown,,,resources/filings_large_sample/0001558370-25-004081.txt,false
0001558370-25-004081.txt_mentions_jefferies-financial-group-inc_mentioned.txt,"KALA BIO, Inc.",0001479419,2024-12-31,10-K,Jefferies Financial Group Inc.,96223,JEF,mentioned,mentioned:1,1,notes-to-financials,,"$75,000 ",resources/filings_large_sample/0001558370-25-004081.txt,false
0001558891-23-000023.txt_mentions_intel-corp_mentioned.txt,WidFit Inc.,0001912954,2022-12-31,10-K,INTEL CORP,50863,INTC,mentioned,mentioned:1,1,risk-factors,,,resources/filings_large_sample/0001558891-23-000023.txt,false
0001561894-24-000009.txt_mentions_credit-suisse-ag_mentioned.txt,"Hannon Armstrong Sustainable Infrastructure Capital, Inc.",0001561894,2023-12-31,10-K,CREDIT SUISSE AG,1053092,USOI,mentioned,mentioned:1,1,unknown,,,resources/filings_large_sample/0001561894-24-000009.txt,false
0001561894-24-000009.txt_mentions_barclays-bank-plc_mentioned.txt,"Hannon Armstrong Sustainable Infrastructure Capital, Inc.",0001561894,2023-12-31,10-K,BARCLAYS BANK PLC,312070,VXX,mentioned,mentioned:1,1,unknown,,,resources/filings_large_sample/0001561894-24-000009.txt,false
0001561894-24-000009.txt_mentions_jefferies-financial-group-inc_mentioned.txt,"Hannon Armstrong Sustainable Infrastructure Capital, Inc.",0001561894,2023-12-31,10-K,Jefferies Financial Group Inc.,96223,JEF,mentioned,mentioned:1,1,signatures,,,resources/filings_large_sample/0001561894-24-000009.txt,false
0001561894-24-000009.txt_mentions_baird-medical-investment-holdings-ltd_mentioned.txt,"Hannon Armstrong Sustainable Infrastructure Capital, Inc.",0001561894,2023-12-31,10-K,Baird Medical Investment Holdings Ltd,1982444,BDMD,mentioned,mentioned:1,1,signatures,,,resources/filings_large_sample/0001561894-24-000009.txt,false
0001561894-24-000009.txt_mentions_goldman-sachs-group-inc_mentioned.txt,"Hannon Armstrong Sustainable Infrastructure Capital, Inc.",0001561894,2023-12-31,10-K,GOLDMAN SACHS GROUP INC,886982,GS-PC,mentioned,mentioned:1,1,signatures,,,resources/filings_large_sample/0001561894-24-000009.txt,false
0001561894-24-000009.txt_mentions_morgan-stanley_mentioned.txt,"Hannon Armstrong Sustainable Infrastructure Capital, Inc.",0001561894,2023-12-31,10-K,MORGAN STANLEY,895421,MS-PQ,mentioned,mentioned:1,1,signatures,,,resources/filings_large_sample/0001561894-24-000009.txt,false
0001561894-24-000009.txt_mentions_ford-motor-co_mentioned.txt,"Hannon Armstrong Sustainable Infrastructure Capital, Inc.",0001561894,2023-12-31,10-K,FORD MOTOR CO,37996,F-PB,mentioned,mentioned:1,1,unknown,,,resources/filings_large_sample/0001561894-24-000009.txt,false
0001562762-24-000045.txt_mentions_grace-therapeutics-inc_affiliate.txt,CHEMED CORP,0000019584,2023-12-31,10-K,"Grace Therapeutics, Inc.",1444192,GRCE,affiliate,affiliate:1,1,business,,,resources/filings_large_sample/0001562762-24-000045.txt,false
0001567925-25-000010.txt_mentions_aurora-mobile-ltd_mentioned.txt,"Sila Realty Trust, Inc.",0001567925,2024-12-31,10-K,Aurora Mobile Ltd,1737339,JG,mentioned,mentioned:1,1,unknown,,,resources/filings_large_sample/0001567925-25-000010.txt,false
0001574085-25-000024.txt_mentions_ashford-hospitality-trust-inc_partner-mentioned-affiliate-investment-acquisition.txt,Braemar Hotels & Resorts Inc.,0001574085,2024-12-31,10-K,ASHFORD HOSPITALITY TRUST INC,1232582,AHT-PG,"partner,mentioned,affiliate,investment,acquisition","partner:3,mentioned:43,affiliate:14,investment:4,acquisition:2",66,"unknown,related-party","key,significant,material","$ 1,536 ; $ 1,004 ",resources/filings_large_sample/0001574085-25-000024.txt,false
0001577670-25-000010.txt_mentions_aurora-mobile-ltd_mentioned.txt,Ladder Capital Corp,0001577670,2024-12-31,10-K,Aurora Mobile Ltd,1737339,JG,mentioned,mentioned:1,1,unknown,,,resources/filings_large_sample/0001577670-25-000010.txt,false
0001580808-23-000058.txt_mentions_amazon-com-inc_mentioned.txt,"A10 Networks, Inc.",0001580808,2022-12-31,10-K,AMAZON COM INC,1018724,AMZN,mentioned,mentioned:2,2,unknown,,,resources/filings_large_sample/0001580808-23-000058.txt,false
0001580808-23-000058.txt_mentions_microsoft-corp_mentioned.txt,"A10 Networks, Inc.",0001580808,2022-12-31,10-K,MICROSOFT CORP,789019,MSFT,mentioned,mentioned:2,2,unknown,major,,resources/filings_large_sample/0001580808-23-000058.txt,false
0001580808-23-000058.txt_mentions_cisco-systems-inc_mentioned.txt,"A10 Networks, Inc.",0001580808,2022-12-31,10-K,"CISCO SYSTEMS, INC.",858877,CSCO,mentioned,mentioned:2,2,unknown,,,resources/filings_large_sample/0001580808-23-000058.txt,false
0001580808-23-000058.txt_mentions_marvell-technology-inc_mentioned.txt,"A10 Networks, Inc.",0001580808,2022-12-31,10-K,"Marvell Technology, Inc.",1835632,MRVL,mentioned,mentioned:1,1,unknown,,,resources/filings_large_sample/0001580808-23-000058.txt,false
0001580808-23-000058.txt_mentions_broadcom-inc_mentioned.txt,"A10 Networks, Inc.",0001580808,2022-12-31,10-K,Broadcom Inc.,1730168,AVGO,mentioned,mentioned:1,1,unknown,significant,,resources/filings_large_sample/0001580808-23-000058.txt,false
0001580808-23-000058.txt_mentions_intel-corp_customer.txt,"A10 Networks, Inc.",0001580808,2022-12-31,10-K,INTEL CORP,50863,INTC,customer,customer:1,1,unknown,,,resources/filings_large_sample/0001580808-23-000058.txt,false
0001584207-25-000006.txt_mentions_jefferies-financial-group-inc_acquisition.txt,"OneMain Holdings, Inc.",0001584207,2024-12-31,10-K,Jefferies Financial Group Inc.,96223,JEF,acquisition,acquisition:1,1,unknown,,$125 million; 125 million ,resources/filings_large_sample/0001584207-25-000006.txt,false
0001585689-25-000008.txt_mentions_hilton-grand-vacations-inc_partner.txt,Hilton Worldwide Holdings Inc.,0001585689,2024-12-31,10-K,Hilton Grand Vacations Inc.,1674168,HGV,partner,partner:2,2,unknown,,,resources/filings_large_sample/0001585689-25-000008.txt,false
0001585689-25-000008.txt_mentions_ucommune-international-ltd_mentioned.txt,Hilton Worldwide Holdings Inc.,0001585689,2024-12-31,10-K,Ucommune International Ltd,1821424,UK,mentioned,mentioned:2,2,unknown,,,resources/filings_large_sample/0001585689-25-000008.txt,false
0001585689-25-000008.txt_mentions_travel-leisure-co_mentioned.txt,Hilton Worldwide Holdings Inc.,0001585689,2024-12-31,10-K,Travel & Leisure Co.,1361658,TNL,mentioned,mentioned:1,1,unknown,,,resources/filings_large_sample/0001585689-25-000008.txt,false
0001585689-25-000008.txt_mentions_amazon-com-inc_mentioned.txt,Hilton Worldwide Holdings Inc.,0001585689,2024-12-31,10-K,AMAZON COM INC,1018724,AMZN,mentioned,mentioned:1,1,unknown,,,resources/filings_large_sample/0001585689-25-000008.txt,false
0001585689-25-000008.txt_mentions_lyft-inc_mentioned.txt,Hilton Worldwide Holdings Inc.,0001585689,2024-12-31,10-K,"Lyft, Inc.",1759509,LYFT,mentioned,mentioned:1,1,unknown,,,resources/filings_large_sample/0001585689-25-000008.txt,false
0001595974-24-000014.txt_mentions_amazon-com-inc_mentioned.txt,"MAGNITE, INC.",0001595974,2023-12-31,10-K,AMAZON COM INC,1018724,AMZN,mentioned,mentioned:2,2,unknown,,,resources/filings_large_sample/0001595974-24-000014.txt,false
0001595974-24-000014.txt_mentions_zillow-group-inc_mentioned.txt,"MAGNITE, INC.",0001595974,2023-12-31,10-K,"ZILLOW GROUP, INC.",1617640,Z,mentioned,mentioned:1,1,unknown,,,resources/filings_large_sample/0001595974-24-000014.txt,false
0001595974-24-000014.txt_mentions_microsoft-corp_mentioned.txt,"MAGNITE, INC.",0001595974,2023-12-31,10-K,MICROSOFT CORP,789019,MSFT,mentioned,mentioned:1,1,unknown,,,resources/filings_large_sample/0001595974-24-000014.txt,false
0001595974-24-000014.txt_mentions_apple-inc_mentioned.txt,"MAGNITE, INC.",0001595974,2023-12-31,10-K,Apple Inc.,320193,AAPL,mentioned,mentioned:1,1,risk-factors,,,resources/filings_large_sample/0001595974-24-000014.txt,false
0001599298-23-000034.txt_mentions_london-stock-exchange-group-plc_mentioned.txt,Summit Therapeutics Inc.,0001599298,2022-12-31,10-K,London Stock Exchange Group plc,1842726,LSEGY,mentioned,mentioned:1,1,unknown,,,resources/filings_large_sample/0001599298-23-000034.txt,false
0001599298-25-000048.txt_mentions_merck-co-inc_mentioned.txt,Summit Therapeutics Inc.,0001599298,2024-12-31,10-K,"Merck & Co., Inc.",310158,MRK,mentioned,mentioned:2,1,unknown,,,resources/filings_large_sample/0001599298-25-000048.txt,false
0001599298-25-000048.txt_mentions_london-stock-exchange-group-plc_mentioned.txt,Summit Therapeutics Inc.,0001599298,2024-12-31,10-K,London Stock Exchange Group plc,1842726,LSEGY,mentioned,mentioned:1,1,unknown,,,resources/filings_large_sample/0001599298-25-000048.txt,false
0001606104-23-000003.txt_mentions_cms-energy-corp_mentioned.txt,Consumers 2014 Securitization Funding LLC,0001606104,2022-12-31,10-K,CMS ENERGY CORP,811156,CMSC,mentioned,mentioned:1,1,unknown,,,resources/filings_large_sample/0001606104-23-000003.txt,false
0001617640-23-000010.txt_mentions_credit-suisse-ag_mentioned.txt,"ZILLOW GROUP, INC.",0001617640,2022-12-31,10-K,CREDIT SUISSE AG,1053092,USOI,mentioned,mentioned:2,2,unknown,,$ 23 ; $ 77 ; $100 million; 100 million ,resources/filings_large_sample/0001617640-23-000010.txt,false
0001617640-23-000010.txt_mentions_international-business-machines-corp_mentioned.txt,"ZILLOW GROUP, INC.",0001617640,2022-12-31,10-K,INTERNATIONAL BUSINESS MACHINES CORP,51143,IBM,mentioned,mentioned:1,1,unknown,,,resources/filings_large_sample/0001617640-23-000010.txt,false
0001617640-23-000010.txt_mentions_amazon-com-inc_mentioned.txt,"ZILLOW GROUP, INC.",0001617640,2022-12-31,10-K,AMAZON COM INC,1018724,AMZN,mentioned,mentioned:1,1,unknown,essential,,resources/filings_large_sample/0001617640-23-000010.txt,false
0001617640-24-000022.txt_mentions_ubs-ag_mentioned.txt,"ZILLOW GROUP, INC.",0001617640,2023-12-31,10-K,UBS AG,1114446,HDLB,mentioned,mentioned:3,3,unknown,,$ 45 ; $100 million; 100 million ,resources/filings_large_sample/0001617640-24-000022.txt,false
0001617640-24-000022.txt_mentions_international-business-machines-corp_mentioned.txt,"ZILLOW GROUP, INC.",0001617640,2023-12-31,10-K,INTERNATIONAL BUSINESS MACHINES CORP,51143,IBM,mentioned,mentioned:1,1,unknown,,,resources/filings_large_sample/0001617640-24-000022.txt,false
0001617640-24-000022.txt_mentions_amazon-com-inc_mentioned.txt,"ZILLOW GROUP, INC.",0001617640,2023-12-31,10-K,AMAZON COM INC,1018724,AMZN,mentioned,mentioned:1,1,unknown,essential,,resources/filings_large_sample/0001617640-24-000022.txt,false
0001617640-24-000022.txt_mentions_credit-suisse-ag_mentioned.txt,"ZILLOW GROUP, INC.",0001617640,2023-12-31,10-K,CREDIT SUISSE AG,1053092,USOI,mentioned,mentioned:1,1,unknown,material,,resources/filings_large_sample/0001617640-24-000022.txt,false
0001628280-23-005127.txt_mentions_zenas-biopharma-inc_mentioned.txt,Xencor Inc,0001326732,2022-12-31,10-K,"Zenas BioPharma, Inc.",1953926,ZBIO,mentioned,mentioned:4,4,unknown,important,,resources/filings_large_sample/0001628280-23-005127.txt,false
0001628280-23-005127.txt_mentions_vir-biotechnology-inc_mentioned.txt,Xencor Inc,0001326732,2022-12-31,10-K,"Vir Biotechnology, Inc.",1706431,VIR,mentioned,mentioned:3,3,unknown,,$2.0 million; 2.0 million ,resources/filings_large_sample/0001628280-23-005127.txt,false
0001628280-23-005127.txt_mentions_novartis-ag_mentioned.txt,Xencor Inc,0001326732,2022-12-31,10-K,NOVARTIS AG,1114448,NVS,mentioned,mentioned:3,3,unknown,,,resources/filings_large_sample/0001628280-23-005127.txt,false
0001628280-23-005127.txt_mentions_astria-therapeutics-inc_mentioned.txt,Xencor Inc,0001326732,2022-12-31,10-K,"Astria Therapeutics, Inc.",1454789,ATXS,mentioned,mentioned:2,2,unknown,,,resources/filings_large_sample/0001628280-23-005127.txt,false
0001628280-23-005127.txt_mentions_inmune-bio-inc_mentioned.txt,Xencor Inc,0001326732,2022-12-31,10-K,"Inmune Bio, Inc.",1711754,INMB,mentioned,mentioned:2,2,unknown,,,resources/filings_large_sample/0001628280-23-005127.txt,false
0001628280-23-005127.txt_mentions_omeros-corp_mentioned.txt,Xencor Inc,0001326732,2022-12-31,10-K,OMEROS CORP,1285819,OMER,mentioned,mentioned:2,2,unknown,,,resources/filings_large_sample/0001628280-23-005127.txt,false
0001628280-23-005127.txt_mentions_merus-n-v_affiliate-mentioned.txt,Xencor Inc,0001326732,2022-12-31,10-K,Merus N.V.,1651311,MRUS,"affiliate,mentioned","affiliate:1,mentioned:1",2,unknown,,,resources/filings_large_sample/0001628280-23-005127.txt,false
0001628280-23-005127.txt_mentions_caris-life-sciences-inc_mentioned.txt,Xencor Inc,0001326732,2022-12-31,10-K,"Caris Life Sciences, Inc.",2019410,CAI,mentioned,mentioned:2,2,unknown,,,resources/filings_large_sample/0001628280-23-005127.txt,false
0001628280-23-005127.txt_mentions_gilead-sciences-inc_mentioned.txt,Xencor Inc,0001326732,2022-12-31,10-K,"GILEAD SCIENCES, INC.",882095,GILD,mentioned,mentioned:2,2,unknown,,,resources/filings_large_sample/0001628280-23-005127.txt,false
0001628280-23-005127.txt_mentions_sanofi_mentioned.txt,Xencor Inc,0001326732,2022-12-31,10-K,Sanofi,1121404,SNYNF,mentioned,mentioned:2,2,unknown,,,resources/filings_large_sample/0001628280-23-005127.txt,false
0001628280-23-005127.txt_mentions_merck-co-inc_mentioned.txt,Xencor Inc,0001326732,2022-12-31,10-K,"Merck & Co., Inc.",310158,MRK,mentioned,mentioned:2,2,unknown,,,resources/filings_large_sample/0001628280-23-005127.txt,false
0001628280-23-005127.txt_mentions_bio-techne-corp_mentioned.txt,Xencor Inc,0001326732,2022-12-31,10-K,BIO-TECHNE Corp,842023,TECH,mentioned,mentioned:1,1,unknown,,$22,resources/filings_large_sample/0001628280-23-005127.txt,false
0001628280-23-005127.txt_mentions_alkermes-plc_mentioned.txt,Xencor Inc,0001326732,2022-12-31,10-K,Alkermes plc.,1520262,ALKS,mentioned,mentioned:1,1,unknown,,,resources/filings_large_sample/0001628280-23-005127.txt,false
0001628280-23-005127.txt_mentions_astrazeneca-plc_mentioned.txt,Xencor Inc,0001326732,2022-12-31,10-K,ASTRAZENECA PLC,901832,AZN,mentioned,mentioned:1,1,unknown,,,resources/filings_large_sample/0001628280-23-005127.txt,false
0001628280-23-009932.txt_mentions_amazon-com-inc_affiliate.txt,Canoo Inc.,0001750153,2022-12-31,10-K,AMAZON COM INC,1018724,AMZN,affiliate,affiliate:1,1,unknown,,,resources/filings_large_sample/0001628280-23-009932.txt,false
0001628280-23-010078.txt_mentions_union-pacific-corp_customer.txt,Sisecam Resources LP,0001575051,2022-12-31,10-K,UNION PACIFIC CORP,100885,UNP,customer,customer:1,1,unknown,,,resources/filings_large_sample/0001628280-23-010078.txt,false
0001628280-23-010078.txt_mentions_genesis-energy-lp_mentioned.txt,Sisecam Resources LP,0001575051,2022-12-31,10-K,GENESIS ENERGY LP,1022321,GEL,mentioned,mentioned:1,1,unknown,principal,,resources/filings_large_sample/0001628280-23-010078.txt,false
0001628280-23-010078.txt_mentions_goldman-sachs-group-inc_affiliate.txt,Sisecam Resources LP,0001575051,2022-12-31,10-K,GOLDMAN SACHS GROUP INC,886982,GS-PC,affiliate,affiliate:1,1,unknown,,,resources/filings_large_sample/0001628280-23-010078.txt,false
0001628280-23-010078.txt_mentions_apollo-global-management-inc_mentioned.txt,Sisecam Resources LP,0001575051,2022-12-31,10-K,"Apollo Global Management, Inc.",1858681,APO,mentioned,mentioned:1,1,unknown,,,resources/filings_large_sample/0001628280-23-010078.txt,false
0001628280-23-010078.txt_mentions_ingersoll-rand-inc_mentioned.txt,Sisecam Resources LP,0001575051,2022-12-31,10-K,Ingersoll Rand Inc.,1699150,IR,mentioned,mentioned:1,1,supply-chain,,,resources/filings_large_sample/0001628280-23-010078.txt,false
0001628280-23-010078.txt_mentions_asa-gold-precious-metals-ltd_partner.txt,Sisecam Resources LP,0001575051,2022-12-31,10-K,ASA Gold & Precious Metals Ltd,1230869,ASA,partner,partner:1,1,unknown,,,resources/filings_large_sample/0001628280-23-010078.txt,false
0001628280-24-006606.txt_mentions_boeing-co_mentioned-supplier.txt,ATI INC,0001018963,2023-12-31,10-K,BOEING CO,12927,BA,"mentioned,supplier","mentioned:2,supplier:1",3,"risk-factors,supply-chain,unknown",,,resources/filings_large_sample/0001628280-24-006606.txt,false
0001628280-24-006606.txt_mentions_airbus-se-adr_mentioned.txt,ATI INC,0001018963,2023-12-31,10-K,Airbus SE/ADR,1378580,EADSF,mentioned,mentioned:1,1,risk-factors,,,resources/filings_large_sample/0001628280-24-006606.txt,false
0001628280-24-006606.txt_mentions_uniti-group-inc_joint-venture.txt,ATI INC,0001018963,2023-12-31,10-K,Uniti Group Inc.,2020795,UNIT,joint-venture,joint-venture:1,1,unknown,,,resources/filings_large_sample/0001628280-24-006606.txt,false
0001628280-24-007963.txt_mentions_stellantis-n-v_mentioned.txt,Archer Aviation Inc.,0001824502,2023-12-31,10-K,Stellantis N.V.,1605484,STLA,mentioned,mentioned:19,17,"unknown,signatures,md-and-a,supply-chain",key,$32.9 million; $17.5 million; $13.2 million; 32.9 million ; 17.5 million ; 13.2 million ; $38.1 million; $14.7 million; 38.1 million ; 14.7 million ; $0.01 ; 15.0 million ; $3.94506 ; $25.0 million; 25.0 million ; $150.0 million; 150.0 million ; $250.1 million; $145.0 million; $95.0 million; $20.7 million,resources/filings_large_sample/0001628280-24-007963.txt,false
0001628280-24-007963.txt_mentions_boeing-co_mentioned-affiliate-investment.txt,Archer Aviation Inc.,0001824502,2023-12-31,10-K,BOEING CO,12927,BA,"mentioned,affiliate,investment","mentioned:4,affiliate:1,investment:2",7,"unknown,commitments",,$44.0 million; 44.0 million ; $0.0001 ,resources/filings_large_sample/0001628280-24-007963.txt,false
0001628280-24-007963.txt_mentions_united-airlines-holdings-inc_mentioned.txt,Archer Aviation Inc.,0001824502,2023-12-31,10-K,"United Airlines Holdings, Inc.",100517,UAL,mentioned,mentioned:1,1,unknown,,$10.0 million; $0.8 million; 10.0 million ; 0.8 million ,resources/filings_large_sample/0001628280-24-007963.txt,false
0001628280-24-008069.txt_mentions_mitsui-kinzoku-co-ltd-adr_investment-mentioned.txt,"LanzaTech Global, Inc.",0001843724,2023-12-31,10-K,Mitsui Kinzoku Co Ltd./ADR,1562805,XZJCF,"investment,mentioned","investment:1,mentioned:1",2,unknown,,,resources/filings_large_sample/0001628280-24-008069.txt,false
0001628280-24-008069.txt_mentions_boeing-co_mentioned-partner.txt,"LanzaTech Global, Inc.",0001843724,2023-12-31,10-K,BOEING CO,12927,BA,"mentioned,partner","mentioned:1,partner:1",2,unknown,,,resources/filings_large_sample/0001628280-24-008069.txt,false
0001628280-24-008069.txt_mentions_sinopec-shanghai-petrochemical-co-ltd_affiliate.txt,"LanzaTech Global, Inc.",0001843724,2023-12-31,10-K,SINOPEC SHANGHAI PETROCHEMICAL CO LTD,908732,SPTJF,affiliate,affiliate:1,1,unknown,,,resources/filings_large_sample/0001628280-24-008069.txt,false
0001628280-24-008069.txt_mentions_microsoft-corp_investment.txt,"LanzaTech Global, Inc.",0001843724,2023-12-31,10-K,MICROSOFT CORP,789019,MSFT,investment,investment:1,1,unknown,,,resources/filings_large_sample/0001628280-24-008069.txt,false
0001628280-24-012713.txt_mentions_aurora-mobile-ltd_mentioned.txt,"ENERGY FOCUS, INC/DE",0000924168,2023-12-31,10-K,Aurora Mobile Ltd,1737339,JG,mentioned,mentioned:1,1,unknown,principal,,resources/filings_large_sample/0001628280-24-012713.txt,false
0001628280-24-012713.txt_mentions_microsoft-corp_customer.txt,"ENERGY FOCUS, INC/DE",0000924168,2023-12-31,10-K,MICROSOFT CORP,789019,MSFT,customer,customer:1,1,supply-chain,,,resources/filings_large_sample/0001628280-24-012713.txt,false
0001628280-24-012902.txt_mentions_amazon-com-inc_customer-mentioned-affiliate.txt,CuriosityStream Inc.,0001776909,2023-12-31,10-K,AMAZON COM INC,1018724,AMZN,"customer,mentioned,affiliate","customer:1,mentioned:11,affiliate:1",13,unknown,major,,resources/filings_large_sample/0001628280-24-012902.txt,false
0001628280-24-012902.txt_mentions_apple-inc_customer-partner-mentioned.txt,CuriosityStream Inc.,0001776909,2023-12-31,10-K,Apple Inc.,320193,AAPL,"customer,partner,mentioned","customer:1,partner:1,mentioned:3",5,unknown,major,,resources/filings_large_sample/0001628280-24-012902.txt,false
0001628280-24-012902.txt_mentions_netflix-inc_mentioned.txt,CuriosityStream Inc.,0001776909,2023-12-31,10-K,NETFLIX INC,1065280,NFLX,mentioned,mentioned:2,2,unknown,,,resources/filings_large_sample/0001628280-24-012902.txt,false
0001628280-25-005302.txt_mentions_motorola-solutions-inc_mentioned.txt,Iridium Communications Inc.,0001418819,2024-12-31,10-K,"Motorola Solutions, Inc.",68505,MSI,mentioned,mentioned:3,3,unknown,,,resources/filings_large_sample/0001628280-25-005302.txt,false
0001628280-25-005302.txt_mentions_caterpillar-inc_customer-mentioned.txt,Iridium Communications Inc.,0001418819,2024-12-31,10-K,CATERPILLAR INC,18230,CAT,"customer,mentioned","customer:1,mentioned:1",2,unknown,,,resources/filings_large_sample/0001628280-25-005302.txt,false
0001628280-25-005302.txt_mentions_ses-s-a_mentioned.txt,Iridium Communications Inc.,0001418819,2024-12-31,10-K,SES S.A.,1347408,SGBAF,mentioned,mentioned:1,1,unknown,,,resources/filings_large_sample/0001628280-25-005302.txt,false
0001628280-25-005302.txt_mentions_apple-inc_mentioned.txt,Iridium Communications Inc.,0001418819,2024-12-31,10-K,Apple Inc.,320193,AAPL,mentioned,mentioned:1,1,unknown,,,resources/filings_large_sample/0001628280-25-005302.txt,false
0001628280-25-005302.txt_mentions_pimco-corporate-income-opportunity-fund_mentioned.txt,Iridium Communications Inc.,0001418819,2024-12-31,10-K,PIMCO CORPORATE & INCOME OPPORTUNITY FUND,1190935,PTY,mentioned,mentioned:1,1,unknown,,,resources/filings_large_sample/0001628280-25-005302.txt,false
0001628280-25-005302.txt_mentions_qualcomm-inc-de_mentioned.txt,Iridium Communications Inc.,0001418819,2024-12-31,10-K,QUALCOMM INC/DE,804328,QCOM,mentioned,mentioned:1,1,unknown,,,resources/filings_large_sample/0001628280-25-005302.txt,false
0001628280-25-005302.txt_mentions_ast-spacemobile-inc_mentioned.txt,Iridium Communications Inc.,0001418819,2024-12-31,10-K,"AST SpaceMobile, Inc.",1780312,ASTS,mentioned,mentioned:1,1,unknown,,,resources/filings_large_sample/0001628280-25-005302.txt,false
0001628280-25-005302.txt_mentions_boeing-co_mentioned.txt,Iridium Communications Inc.,0001418819,2024-12-31,10-K,BOEING CO,12927,BA,mentioned,mentioned:1,1,unknown,,,resources/filings_large_sample/0001628280-25-005302.txt,false
0001628280-25-005924.txt_mentions_sasol-ltd_mentioned.txt,FLUOR CORP,0001124198,2024-12-31,10-K,SASOL LTD,314590,SSL,mentioned,mentioned:1,1,unknown,,,resources/filings_large_sample/0001628280-25-005924.txt,false
0001628280-25-008780.txt_mentions_aurora-mobile-ltd_mentioned-customer-supplier.txt,"Cytek Biosciences, Inc.",0001831915,2024-12-31,10-K,Aurora Mobile Ltd,1737339,JG,"mentioned,customer,supplier","mentioned:26,customer:1,supplier:1",28,"unknown,risk-factors,supply-chain",substantial,,resources/filings_large_sample/0001628280-25-008780.txt,false
0001628280-25-011821.txt_mentions_global-partners-lp_partner.txt,"SOUNDHOUND AI, INC.",0001840856,2024-12-31,10-K,GLOBAL PARTNERS LP,1323468,GLP-PB,partner,partner:2,1,unknown,,,resources/filings_large_sample/0001628280-25-011821.txt,false
0001628280-25-011821.txt_mentions_oppenheimer-holdings-inc_mentioned.txt,"SOUNDHOUND AI, INC.",0001840856,2024-12-31,10-K,OPPENHEIMER HOLDINGS INC,791963,OPY,mentioned,mentioned:1,1,unknown,,$250.0 ,resources/filings_large_sample/0001628280-25-011821.txt,false
0001628280-25-013088.txt_mentions_jefferies-financial-group-inc_mentioned-affiliate.txt,"SANGAMO THERAPEUTICS, INC",0001001233,2024-12-31,10-K,Jefferies Financial Group Inc.,96223,JEF,"mentioned,affiliate","mentioned:3,affiliate:3",6,unknown,,$150.0 million; 150.0 million ; $325.0 million; $186.9 million; 325.0 million ; 186.9 million ,resources/filings_large_sample/0001628280-25-013088.txt,false
0001628280-25-013088.txt_mentions_crispr-therapeutics-ag_mentioned.txt,"SANGAMO THERAPEUTICS, INC",0001001233,2024-12-31,10-K,CRISPR Therapeutics AG,1674416,CRSP,mentioned,mentioned:1,1,unknown,,,resources/filings_large_sample/0001628280-25-013088.txt,false
0001628280-25-013088.txt_mentions_cellectis-s-a_mentioned.txt,"SANGAMO THERAPEUTICS, INC",0001001233,2024-12-31,10-K,Cellectis S.A.,1627281,CLLS,mentioned,mentioned:1,1,unknown,,,resources/filings_large_sample/0001628280-25-013088.txt,false
0001628280-25-013088.txt_mentions_sanofi_mentioned.txt,"SANGAMO THERAPEUTICS, INC",0001001233,2024-12-31,10-K,Sanofi,1121404,SNYNF,mentioned,mentioned:1,1,unknown,,,resources/filings_large_sample/0001628280-25-013088.txt,false
0001628280-25-014805.txt_mentions_hercules-capital-inc_mentioned-affiliate.txt,"X4 Pharmaceuticals, Inc",0001501697,2024-12-31,10-K,"Hercules Capital, Inc.",1280784,HCXY,"mentioned,affiliate","mentioned:3,affiliate:1",4,unknown,,$107.5 million; $75.0 million; 75.0 million ,resources/filings_large_sample/0001628280-25-014805.txt,false
0001628280-25-014805.txt_mentions_security-midwest-bancorp-inc_affiliate.txt,"X4 Pharmaceuticals, Inc",0001501697,2024-12-31,10-K,"Security Midwest Bancorp, Inc.",2036060,SBMW,affiliate,affiliate:1,1,unknown,,,resources/filings_large_sample/0001628280-25-014805.txt,false
0001628280-25-015269.txt_mentions_bristol-myers-squibb-co_affiliate-mentioned.txt,"Whitehawk Therapeutics, Inc.",0001422142,2024-12-31,10-K,BRISTOL MYERS SQUIBB CO,14272,BMY,"affiliate,mentioned","affiliate:3,mentioned:1",4,unknown,,,resources/filings_large_sample/0001628280-25-015269.txt,false
0001628369-25-000005.txt_mentions_proshares-trust-ii_acquisition.txt,Cushman & Wakefield plc,0001628369,2024-12-31,10-K,ProShares Trust II,1415311,YCL,acquisition,acquisition:3,2,unknown,,$1.1 billion; $1.9 billion; 1.1 billion ,resources/filings_large_sample/0001628369-25-000005.txt,false
0001628369-25-000005.txt_mentions_federal-home-loan-mortgage-corp_joint-venture.txt,Cushman & Wakefield plc,0001628369,2024-12-31,10-K,FEDERAL HOME LOAN MORTGAGE CORP,1026214,FMCCG,joint-venture,joint-venture:1,1,unknown,,,resources/filings_large_sample/0001628369-25-000005.txt,false
0001630805-25-000007.txt_mentions_mitsubishi-gas-chemical-company-inc-adr_mentioned.txt,"Babcock & Wilcox Enterprises, Inc.",0001630805,2024-12-31,10-K,"Mitsubishi Gas Chemical Company, Inc./ADR",2079706,MBGCF,mentioned,mentioned:2,2,unknown,primary,,resources/filings_large_sample/0001630805-25-000007.txt,false
0001630805-25-000007.txt_mentions_duke-energy-corp_mentioned.txt,"Babcock & Wilcox Enterprises, Inc.",0001630805,2024-12-31,10-K,Duke Energy CORP,1326160,DUK,mentioned,mentioned:1,1,unknown,,,resources/filings_large_sample/0001630805-25-000007.txt,false
0001631569-24-000024.txt_mentions_baird-medical-investment-holdings-ltd_mentioned.txt,Community Healthcare Trust Inc,0001631569,2023-12-31,10-K,Baird Medical Investment Holdings Ltd,1982444,BDMD,mentioned,mentioned:2,2,unknown,,,resources/filings_large_sample/0001631569-24-000024.txt,false
0001631569-24-000024.txt_mentions_genesis-energy-lp_mentioned.txt,Community Healthcare Trust Inc,0001631569,2023-12-31,10-K,GENESIS ENERGY LP,1022321,GEL,mentioned,mentioned:2,2,unknown,,$6.4 million; 6.4 million ; $9.4 million; $1.5 million,resources/filings_large_sample/0001631569-24-000024.txt,false
0001631569-24-000024.txt_mentions_fresenius-medical-care-ag_mentioned.txt,Community Healthcare Trust Inc,0001631569,2023-12-31,10-K,Fresenius Medical Care AG,1333141,FMS,mentioned,mentioned:1,1,unknown,,,resources/filings_large_sample/0001631569-24-000024.txt,false
0001640147-24-000101.txt_mentions_ai-technology-group-inc_affiliate-mentioned.txt,Snowflake Inc.,0001640147,2024-01-31,10-K,AI Technology Group Inc.,1289047,AIPG,"affiliate,mentioned","affiliate:1,mentioned:1",2,unknown,significant,,resources/filings_large_sample/0001640147-24-000101.txt,false
0001640147-24-000101.txt_mentions_amazon-com-inc_mentioned.txt,Snowflake Inc.,0001640147,2024-01-31,10-K,AMAZON COM INC,1018724,AMZN,mentioned,mentioned:1,1,unknown,,,resources/filings_large_sample/0001640147-24-000101.txt,false
0001640147-24-000101.txt_mentions_microsoft-corp_mentioned.txt,Snowflake Inc.,0001640147,2024-01-31,10-K,MICROSOFT CORP,789019,MSFT,mentioned,mentioned:1,1,unknown,,,resources/filings_large_sample/0001640147-24-000101.txt,false
0001655210-24-000025.txt_mentions_goldman-sachs-group-inc_mentioned.txt,"BEYOND MEAT, INC.",0001655210,2023-12-31,10-K,GOLDMAN SACHS GROUP INC,886982,GS-PC,mentioned,mentioned:1,1,unknown,,,resources/filings_large_sample/0001655210-24-000025.txt,false
0001702510-23-000009.txt_mentions_aurora-mobile-ltd_mentioned.txt,"Carlyle Credit Solutions, Inc.",0001702510,2022-12-31,10-K,Aurora Mobile Ltd,1737339,JG,mentioned,mentioned:2,2,unknown,,,resources/filings_large_sample/0001702510-23-000009.txt,false
0001702510-23-000009.txt_mentions_state-street-corp_mentioned.txt,"Carlyle Credit Solutions, Inc.",0001702510,2022-12-31,10-K,STATE STREET CORP,93751,STT-PG,mentioned,mentioned:2,1,unknown,,,resources/filings_large_sample/0001702510-23-000009.txt,false
0001709164-25-000008.txt_mentions_amazon-com-inc_customer-mentioned.txt,Hamilton Beach Brands Holding Co,0001709164,2024-12-31,10-K,AMAZON COM INC,1018724,AMZN,"customer,mentioned","customer:1,mentioned:2",3,unknown,key,,resources/filings_large_sample/0001709164-25-000008.txt,false
0001709164-25-000008.txt_mentions_nacco-industries-inc_mentioned.txt,Hamilton Beach Brands Holding Co,0001709164,2024-12-31,10-K,NACCO INDUSTRIES INC,789933,NC,mentioned,mentioned:2,2,"unknown,signatures",,,resources/filings_large_sample/0001709164-25-000008.txt,false
0001712184-25-000031.txt_mentions_liberty-global-ltd_mentioned-affiliate.txt,Liberty Latin America Ltd.,0001712184,2024-12-31,10-K,Liberty Global Ltd.,1570585,LBTYK,"mentioned,affiliate","mentioned:3,affiliate:1",4,"unknown,related-party",,,resources/filings_large_sample/0001712184-25-000031.txt,false
0001712184-25-000031.txt_mentions_amazon-com-inc_mentioned.txt,Liberty Latin America Ltd.,0001712184,2024-12-31,10-K,AMAZON COM INC,1018724,AMZN,mentioned,mentioned:2,2,unknown,,,resources/filings_large_sample/0001712184-25-000031.txt,false
0001712184-25-000031.txt_mentions_netflix-inc_mentioned-customer.txt,Liberty Latin America Ltd.,0001712184,2024-12-31,10-K,NETFLIX INC,1065280,NFLX,"mentioned,customer","mentioned:1,customer:1",2,unknown,,,resources/filings_large_sample/0001712184-25-000031.txt,false
0001722438-23-000040.txt_mentions_anew-health-ltd_mentioned.txt,"Doma Holdings, Inc.",0001722438,2022-12-31,10-K,ANEW HEALTH Ltd,2019042,AVG,mentioned,mentioned:1,1,unknown,,,resources/filings_large_sample/0001722438-23-000040.txt,false
0001723089-25-000025.txt_mentions_nabors-industries-ltd_mentioned.txt,ChampionX Corp,0001723089,2024-12-31,10-K,NABORS INDUSTRIES LTD,1163739,NBR,mentioned,mentioned:1,1,unknown,,,resources/filings_large_sample/0001723089-25-000025.txt,false
0001731289-23-000013.txt_mentions_toyota-motor-corp_mentioned.txt,Nikola Corp,0001731289,2022-12-31,10-K,TOYOTA MOTOR CORP/,1094517,TOYOF,mentioned,mentioned:2,2,unknown,,,resources/filings_large_sample/0001731289-23-000013.txt,false
0001731289-23-000013.txt_mentions_tesla-inc_mentioned.txt,Nikola Corp,0001731289,2022-12-31,10-K,"Tesla, Inc.",1318605,TSLA,mentioned,mentioned:2,2,unknown,,,resources/filings_large_sample/0001731289-23-000013.txt,false
0001731289-23-000013.txt_mentions_cnh-industrial-n-v_mentioned.txt,Nikola Corp,0001731289,2022-12-31,10-K,CNH Industrial N.V.,1567094,CNH,mentioned,mentioned:1,1,supply-chain,,,resources/filings_large_sample/0001731289-23-000013.txt,false
0001731289-23-000013.txt_mentions_cummins-inc_mentioned.txt,Nikola Corp,0001731289,2022-12-31,10-K,CUMMINS INC,26172,CMI,mentioned,mentioned:1,1,unknown,,,resources/filings_large_sample/0001731289-23-000013.txt,false
0001731289-23-000013.txt_mentions_chart-industries-inc_partner.txt,Nikola Corp,0001731289,2022-12-31,10-K,CHART INDUSTRIES INC,892553,GTLS,partner,partner:1,1,unknown,,,resources/filings_large_sample/0001731289-23-000013.txt,false
0001739940-23-000008.txt_mentions_morgan-stanley_mentioned.txt,Cigna Group,0001739940,2022-12-31,10-K,MORGAN STANLEY,895421,MS-PQ,mentioned,mentioned:3,3,unknown,,$3.5 billion; 3.5 billion ; $2.0 billion; 2.0 billion ,resources/filings_large_sample/0001739940-23-000008.txt,false
0001739940-23-000008.txt_mentions_elevance-health-inc_acquisition.txt,Cigna Group,0001739940,2022-12-31,10-K,"Elevance Health, Inc.",1156039,ELV,acquisition,acquisition:1,1,unknown,,,resources/filings_large_sample/0001739940-23-000008.txt,false
0001739940-23-000008.txt_mentions_amazon-com-inc_mentioned.txt,Cigna Group,0001739940,2022-12-31,10-K,AMAZON COM INC,1018724,AMZN,mentioned,mentioned:1,1,unknown,,,resources/filings_large_sample/0001739940-23-000008.txt,false
0001739940-23-000008.txt_mentions_cvs-health-corp_affiliate.txt,Cigna Group,0001739940,2022-12-31,10-K,CVS HEALTH Corp,64803,CVS,affiliate,affiliate:1,1,unknown,,,resources/filings_large_sample/0001739940-23-000008.txt,false
0001740332-24-000019.txt_mentions_genesis-energy-lp_mentioned.txt,"RESIDEO TECHNOLOGIES, INC.",0001740332,2023-12-31,10-K,GENESIS ENERGY LP,1022321,GEL,mentioned,mentioned:3,3,"unknown,commitments",,$86 million; $18 ; $649 million; $20 million; 649 million ; 86 million ; 20 million ; $18 million; 18 million ,resources/filings_large_sample/0001740332-24-000019.txt,false
0001742313-25-000012.txt_mentions_monroe-capital-corp_mentioned-affiliate.txt,Monroe Capital Income Plus Corp,0001742313,2024-12-31,10-K,MONROE CAPITAL Corp,1512931,MRCC,"mentioned,affiliate","mentioned:9,affiliate:4",13,unknown,,,resources/filings_large_sample/0001742313-25-000012.txt,false
0001742313-25-000012.txt_mentions_bonterra-resources-inc_mentioned.txt,Monroe Capital Income Plus Corp,0001742313,2024-12-31,10-K,BONTERRA RESOURCES INC.,1544770,BONXF,mentioned,mentioned:3,3,unknown,principal,"$ 18,901 ; $ 18,875 ; $ 18,859 ; $ 18,685 ",resources/filings_large_sample/0001742313-25-000012.txt,false
0001751788-23-000014.txt_mentions_waste-management-inc_mentioned.txt,DOW INC.,0001751788,2022-12-31,10-K,WASTE MANAGEMENT INC,823768,WM,mentioned,mentioned:1,1,unknown,,,resources/filings_large_sample/0001751788-23-000014.txt,false
0001759655-23-000026.txt_mentions_goldman-sachs-group-inc_affiliate-mentioned.txt,"Privia Health Group, Inc.",0001759655,2022-12-31,10-K,GOLDMAN SACHS GROUP INC,886982,GS-PC,"affiliate,mentioned","affiliate:1,mentioned:1",2,unknown,,$384.1 million,resources/filings_large_sample/0001759655-23-000026.txt,false
0001759655-23-000026.txt_mentions_surgery-partners-inc_partner.txt,"Privia Health Group, Inc.",0001759655,2022-12-31,10-K,"Surgery Partners, Inc.",1638833,SGRY,partner,partner:2,1,unknown,,,resources/filings_large_sample/0001759655-23-000026.txt,false
0001766502-25-000014.txt_mentions_amazon-com-inc_mentioned.txt,"Chewy, Inc.",0001766502,2025-02-02,10-K,AMAZON COM INC,1018724,AMZN,mentioned,mentioned:2,2,unknown,,,resources/filings_large_sample/0001766502-25-000014.txt,false
0001766502-25-000014.txt_mentions_broadcom-inc_mentioned.txt,"Chewy, Inc.",0001766502,2025-02-02,10-K,Broadcom Inc.,1730168,AVGO,mentioned,mentioned:1,1,unknown,,,resources/filings_large_sample/0001766502-25-000014.txt,false
0001766502-25-000014.txt_mentions_apple-inc_mentioned.txt,"Chewy, Inc.",0001766502,2025-02-02,10-K,Apple Inc.,320193,AAPL,mentioned,mentioned:1,1,unknown,,,resources/filings_large_sample/0001766502-25-000014.txt,false
0001766502-25-000014.txt_mentions_stepstone-group-inc_affiliate.txt,"Chewy, Inc.",0001766502,2025-02-02,10-K,StepStone Group Inc.,1796022,STEP,affiliate,affiliate:1,1,unknown,,,resources/filings_large_sample/0001766502-25-000014.txt,false
0001766502-25-000014.txt_mentions_morgan-stanley_mentioned.txt,"Chewy, Inc.",0001766502,2025-02-02,10-K,MORGAN STANLEY,895421,MS-PQ,mentioned,mentioned:1,1,unknown,,,resources/filings_large_sample/0001766502-25-000014.txt,false
0001773427-23-000010.txt_mentions_astrazeneca-plc_mentioned.txt,"SpringWorks Therapeutics, Inc.",0001773427,2022-12-31,10-K,ASTRAZENECA PLC,901832,AZN,mentioned,mentioned:2,2,unknown,,,resources/filings_large_sample/0001773427-23-000010.txt,false
0001773427-23-000010.txt_mentions_gsk-plc_mentioned.txt,"SpringWorks Therapeutics, Inc.",0001773427,2022-12-31,10-K,GSK plc,1131399,GSK,mentioned,mentioned:1,1,unknown,,$19.5 million; 19.5 million ,resources/filings_large_sample/0001773427-23-000010.txt,false
0001773427-23-000010.txt_mentions_merck-co-inc_mentioned.txt,"SpringWorks Therapeutics, Inc.",0001773427,2022-12-31,10-K,"Merck & Co., Inc.",310158,MRK,mentioned,mentioned:1,1,unknown,,,resources/filings_large_sample/0001773427-23-000010.txt,false
0001773427-23-000010.txt_mentions_eli-lilly-co_mentioned.txt,"SpringWorks Therapeutics, Inc.",0001773427,2022-12-31,10-K,ELI LILLY & Co,59478,LLY,mentioned,mentioned:1,1,unknown,,,resources/filings_large_sample/0001773427-23-000010.txt,false
0001773427-23-000010.txt_mentions_inventiva-s-a_mentioned.txt,"SpringWorks Therapeutics, Inc.",0001773427,2022-12-31,10-K,Inventiva S.A.,1756594,IVA,mentioned,mentioned:1,1,unknown,,,resources/filings_large_sample/0001773427-23-000010.txt,false
0001779474-25-000007.txt_mentions_apple-inc_mentioned.txt,"WM TECHNOLOGY, INC.",0001779474,2024-12-31,10-K,Apple Inc.,320193,AAPL,mentioned,mentioned:2,2,unknown,,,resources/filings_large_sample/0001779474-25-000007.txt,false
0001781755-23-000006.txt_mentions_brp-inc_mentioned.txt,"BRP Group, Inc.",0001781755,2022-12-31,10-K,BRP Inc.,1748797,DOOO,mentioned,mentioned:1,1,unknown,,,resources/filings_large_sample/0001781755-23-000006.txt,false
0001781755-23-000006.txt_mentions_aon-plc_mentioned.txt,"BRP Group, Inc.",0001781755,2022-12-31,10-K,Aon plc,315293,AON,mentioned,mentioned:1,1,unknown,,,resources/filings_large_sample/0001781755-23-000006.txt,false
0001781755-23-000006.txt_mentions_willis-towers-watson-plc_partner.txt,"BRP Group, Inc.",0001781755,2022-12-31,10-K,WILLIS TOWERS WATSON PLC,1140536,WTW,partner,partner:1,1,unknown,,,resources/filings_large_sample/0001781755-23-000006.txt,false
0001784254-23-000004.txt_mentions_apple-inc_mentioned.txt,Mediaco Holding Inc.,0001784254,2022-12-31,10-K,Apple Inc.,320193,AAPL,mentioned,mentioned:1,1,unknown,,,resources/filings_large_sample/0001784254-23-000004.txt,false
0001790982-23-000006.txt_mentions_boeing-co_customer.txt,Arconic Corp,0001790982,2022-12-31,10-K,BOEING CO,12927,BA,customer,customer:1,1,supply-chain,,,resources/filings_large_sample/0001790982-23-000006.txt,false
0001790982-23-000006.txt_mentions_corning-inc-ny_mentioned.txt,Arconic Corp,0001790982,2022-12-31,10-K,CORNING INC /NY,24741,GLW,mentioned,mentioned:1,1,unknown,,,resources/filings_large_sample/0001790982-23-000006.txt,false
0001790982-23-000006.txt_mentions_howmet-aerospace-inc_mentioned.txt,Arconic Corp,0001790982,2022-12-31,10-K,Howmet Aerospace Inc.,4281,HWM-P,mentioned,mentioned:1,1,unknown,,,resources/filings_large_sample/0001790982-23-000006.txt,false
0001790982-23-000006.txt_mentions_ford-motor-co_customer.txt,Arconic Corp,0001790982,2022-12-31,10-K,FORD MOTOR CO,37996,F-PB,customer,customer:1,1,unknown,,$761 ; $647 ,resources/filings_large_sample/0001790982-23-000006.txt,false
0001802457-24-000019.txt_mentions_ford-motor-co_customer.txt,"Origin Materials, Inc.",0001802457,2023-12-31,10-K,FORD MOTOR CO,37996,F-PB,customer,customer:2,2,"unknown,supply-chain",,,resources/filings_large_sample/0001802457-24-000019.txt,false
0001802457-24-000019.txt_mentions_mitsubishi-gas-chemical-company-inc-adr_customer-partner.txt,"Origin Materials, Inc.",0001802457,2023-12-31,10-K,"Mitsubishi Gas Chemical Company, Inc./ADR",2079706,MBGCF,"customer,partner","customer:1,partner:1",2,"unknown,supply-chain",,,resources/filings_large_sample/0001802457-24-000019.txt,false
0001802457-24-000019.txt_mentions_mitsui-kinzoku-co-ltd-adr_mentioned.txt,"Origin Materials, Inc.",0001802457,2023-12-31,10-K,Mitsui Kinzoku Co Ltd./ADR,1562805,XZJCF,mentioned,mentioned:2,2,"unknown,supply-chain",,,resources/filings_large_sample/0001802457-24-000019.txt,false
0001806201-24-000036.txt_mentions_pagaya-technologies-ltd_mentioned.txt,Open Lending Corp,0001806201,2023-12-31,10-K,Pagaya Technologies Ltd.,1883085,PGYWW,mentioned,mentioned:1,1,unknown,,,resources/filings_large_sample/0001806201-24-000036.txt,false
0001810019-23-000034.txt_mentions_microsoft-corp_customer-partner-mentioned.txt,"Rackspace Technology, Inc.",0001810019,2022-12-31,10-K,MICROSOFT CORP,789019,MSFT,"customer,partner,mentioned","customer:3,partner:4,mentioned:5",12,unknown,"major,largest",$5.9 million; 5.9 million ,resources/filings_large_sample/0001810019-23-000034.txt,false
0001810019-23-000034.txt_mentions_amazon-com-inc_mentioned.txt,"Rackspace Technology, Inc.",0001810019,2022-12-31,10-K,AMAZON COM INC,1018724,AMZN,mentioned,mentioned:1,1,unknown,,,resources/filings_large_sample/0001810019-23-000034.txt,false
0001810806-24-000053.txt_mentions_apple-inc_mentioned.txt,Unity Software Inc.,0001810806,2023-12-31,10-K,Apple Inc.,320193,AAPL,mentioned,mentioned:4,4,unknown,,,resources/filings_large_sample/0001810806-24-000053.txt,false
0001810806-24-000053.txt_mentions_source-capital-de_affiliate-mentioned-acquisition.txt,Unity Software Inc.,0001810806,2023-12-31,10-K,SOURCE CAPITAL /DE/,91847,SOR,"affiliate,mentioned,acquisition","affiliate:1,mentioned:1,acquisition:1",3,unknown,,$195 million; 195 million ,resources/filings_large_sample/0001810806-24-000053.txt,false
0001810806-24-000053.txt_mentions_amazon-com-inc_partner.txt,Unity Software Inc.,0001810806,2023-12-31,10-K,AMAZON COM INC,1018724,AMZN,partner,partner:1,1,unknown,,,resources/filings_large_sample/0001810806-24-000053.txt,false
0001810806-24-000053.txt_mentions_microsoft-corp_customer.txt,Unity Software Inc.,0001810806,2023-12-31,10-K,MICROSOFT CORP,789019,MSFT,customer,customer:1,1,unknown,,,resources/filings_large_sample/0001810806-24-000053.txt,false
0001811972-24-000005.txt_mentions_barings-global-short-duration-high-yield-fund_investment.txt,Barings Capital Investment Corp,0001811972,2023-12-31,10-K,BARINGS GLOBAL SHORT DURATION HIGH YIELD FUND,1521404,BGH,investment,investment:2,2,unknown,,,resources/filings_large_sample/0001811972-24-000005.txt,false
0001811972-24-000005.txt_mentions_barclays-bank-plc_mentioned.txt,Barings Capital Investment Corp,0001811972,2023-12-31,10-K,BARCLAYS BANK PLC,312070,VXX,mentioned,mentioned:2,2,unknown,,$170.8 million; $428.0 million; $50.0 million; $184.2 million; 170.8 million ; 428.0 million ; 50.0 million ; 184.2 million ; $71.0 million; $72.3 million; $51.3 million; $44.8 million; 71.0 million ; 72.3 million ; 51.3 million ; 44.8 million ,resources/filings_large_sample/0001811972-24-000005.txt,false
0001811972-24-000005.txt_mentions_amtech-systems-inc_mentioned.txt,Barings Capital Investment Corp,0001811972,2023-12-31,10-K,AMTECH SYSTEMS INC,720500,ASYS,mentioned,mentioned:1,1,unknown,,,resources/filings_large_sample/0001811972-24-000005.txt,false
0001811972-24-000005.txt_mentions_cummins-inc_mentioned.txt,Barings Capital Investment Corp,0001811972,2023-12-31,10-K,CUMMINS INC,26172,CMI,mentioned,mentioned:1,1,unknown,,,resources/filings_large_sample/0001811972-24-000005.txt,false
0001812554-23-000009.txt_mentions_invest-green-acquisition-corp_investment.txt,Owl Rock Core Income Corp.,0001812554,2022-12-31,10-K,Invest Green Acquisition Corp,2075068,IGACU,investment,investment:4,4,unknown,,"$ 2,435 ",resources/filings_large_sample/0001812554-23-000009.txt,false
0001812554-23-000009.txt_mentions_genesis-energy-lp_mentioned.txt,Owl Rock Core Income Corp.,0001812554,2022-12-31,10-K,GENESIS ENERGY LP,1022321,GEL,mentioned,mentioned:1,1,unknown,,"$ 124,092 ; $ 127,414 ",resources/filings_large_sample/0001812554-23-000009.txt,false
0001812554-23-000009.txt_mentions_goldman-sachs-group-inc_mentioned.txt,Owl Rock Core Income Corp.,0001812554,2022-12-31,10-K,GOLDMAN SACHS GROUP INC,886982,GS-PC,mentioned,mentioned:1,1,unknown,,,resources/filings_large_sample/0001812554-23-000009.txt,false
0001812554-23-000009.txt_mentions_credit-suisse-ag_mentioned.txt,Owl Rock Core Income Corp.,0001812554,2022-12-31,10-K,CREDIT SUISSE AG,1053092,USOI,mentioned,mentioned:1,1,unknown,,,resources/filings_large_sample/0001812554-23-000009.txt,false
0001812554-23-000009.txt_mentions_barings-global-short-duration-high-yield-fund_investment.txt,Owl Rock Core Income Corp.,0001812554,2022-12-31,10-K,BARINGS GLOBAL SHORT DURATION HIGH YIELD FUND,1521404,BGH,investment,investment:1,1,unknown,,,resources/filings_large_sample/0001812554-23-000009.txt,false
0001812554-23-000009.txt_mentions_blue-owl-technology-finance-corp_mentioned.txt,Owl Rock Core Income Corp.,0001812554,2022-12-31,10-K,Blue Owl Technology Finance Corp.,1747777,OTF,mentioned,mentioned:1,1,unknown,,,resources/filings_large_sample/0001812554-23-000009.txt,false
0001814287-24-000028.txt_mentions_greenpower-motor-co-inc_mentioned.txt,"Abacus Life, Inc.",0001814287,2023-12-31,10-K,GREENPOWER MOTOR Co INC.,1584547,GP,mentioned,mentioned:1,1,unknown,,,resources/filings_large_sample/0001814287-24-000028.txt,false
0001819394-24-000006.txt_mentions_amazon-com-inc_mentioned-customer.txt,"Matterport, Inc./DE",0001819394,2023-12-31,10-K,AMAZON COM INC,1018724,AMZN,"mentioned,customer","mentioned:3,customer:1",3,unknown,prominent,,resources/filings_large_sample/0001819394-24-000006.txt,false
0001819394-24-000006.txt_mentions_genesis-energy-lp_customer-mentioned.txt,"Matterport, Inc./DE",0001819394,2023-12-31,10-K,GENESIS ENERGY LP,1022321,GEL,"customer,mentioned","customer:2,mentioned:1",2,unknown,,,resources/filings_large_sample/0001819394-24-000006.txt,false
0001819394-24-000006.txt_mentions_meta-platforms-inc_mentioned.txt,"Matterport, Inc./DE",0001819394,2023-12-31,10-K,"Meta Platforms, Inc.",1326801,META,mentioned,mentioned:2,1,unknown,largest,,resources/filings_large_sample/0001819394-24-000006.txt,false
0001819394-24-000006.txt_mentions_apple-inc_mentioned.txt,"Matterport, Inc./DE",0001819394,2023-12-31,10-K,Apple Inc.,320193,AAPL,mentioned,mentioned:1,1,unknown,,,resources/filings_large_sample/0001819394-24-000006.txt,false
0001819394-24-000006.txt_mentions_microsoft-corp_mentioned.txt,"Matterport, Inc./DE",0001819394,2023-12-31,10-K,MICROSOFT CORP,789019,MSFT,mentioned,mentioned:1,1,unknown,,,resources/filings_large_sample/0001819394-24-000006.txt,false
0001821586-24-000008.txt_mentions_zura-bio-ltd_mentioned.txt,MoonLake Immunotherapeutics,0001821586,2023-12-31,10-K,Zura Bio Ltd,1855644,ZURA,mentioned,mentioned:1,1,unknown,,,resources/filings_large_sample/0001821586-24-000008.txt,false
0001821586-24-000008.txt_mentions_novartis-ag_mentioned.txt,MoonLake Immunotherapeutics,0001821586,2023-12-31,10-K,NOVARTIS AG,1114448,NVS,mentioned,mentioned:1,1,unknown,,,resources/filings_large_sample/0001821586-24-000008.txt,false
0001822479-24-000011.txt_mentions_cardinal-health-inc_mentioned-investment.txt,Sotera Health Co,0001822479,2023-12-31,10-K,CARDINAL HEALTH INC,721371,CAH,"mentioned,investment","mentioned:1,investment:1",2,unknown,,,resources/filings_large_sample/0001822479-24-000011.txt,false
0001822479-24-000011.txt_mentions_balchem-corp_supplier.txt,Sotera Health Co,0001822479,2023-12-31,10-K,BALCHEM CORP,9326,BCPC,supplier,supplier:1,1,supply-chain,,,resources/filings_large_sample/0001822479-24-000011.txt,false
0001822479-24-000011.txt_mentions_general-electric-co_mentioned.txt,Sotera Health Co,0001822479,2023-12-31,10-K,GENERAL ELECTRIC CO,40545,GE,mentioned,mentioned:1,1,unknown,,,resources/filings_large_sample/0001822479-24-000011.txt,false
0001822479-24-000011.txt_mentions_steris-plc_mentioned.txt,Sotera Health Co,0001822479,2023-12-31,10-K,STERIS plc,1757898,STE,mentioned,mentioned:1,1,unknown,,,resources/filings_large_sample/0001822479-24-000011.txt,false
0001823945-25-000013.txt_mentions_blue-owl-technology-finance-corp_affiliate-mentioned.txt,BLUE OWL CAPITAL INC.,0001823945,2024-12-31,10-K,Blue Owl Technology Finance Corp.,1747777,OTF,"affiliate,mentioned","affiliate:7,mentioned:1",8,unknown,principal,$1.7 billion; 1.7 billion ; $1.0 billion; 1.0 billion ; $400.0 million; 400.0 million ; $350.0 million; 350.0 million ; $700.0 million; 700.0 million ; $59.8 million; 59.8 million ,resources/filings_large_sample/0001823945-25-000013.txt,false
0001823945-25-000013.txt_mentions_goldman-sachs-group-inc_mentioned.txt,BLUE OWL CAPITAL INC.,0001823945,2024-12-31,10-K,GOLDMAN SACHS GROUP INC,886982,GS-PC,mentioned,mentioned:1,1,unknown,,,resources/filings_large_sample/0001823945-25-000013.txt,false
0001827090-25-000014.txt_mentions_amazon-com-inc_mentioned.txt,"Certara, Inc.",0001827090,2024-12-31,10-K,AMAZON COM INC,1018724,AMZN,mentioned,mentioned:1,1,unknown,,,resources/filings_large_sample/0001827090-25-000014.txt,false
0001827506-24-000015.txt_mentions_jefferies-financial-group-inc_mentioned.txt,"Tourmaline Bio, Inc.",0001827506,2023-12-31,10-K,Jefferies Financial Group Inc.,96223,JEF,mentioned,mentioned:2,2,unknown,,,resources/filings_large_sample/0001827506-24-000015.txt,false
0001828972-25-000073.txt_mentions_amazon-com-inc_customer-mentioned-affiliate.txt,"BuzzFeed, Inc.",0001828972,2024-12-31,10-K,AMAZON COM INC,1018724,AMZN,"customer,mentioned,affiliate","customer:2,mentioned:1,affiliate:3",6,unknown,"significant,largest",$11.6 million; $12.4 million; $0.8 million; 12.4 million ; 0.8 million ,resources/filings_large_sample/0001828972-25-000073.txt,false
0001828972-25-000073.txt_mentions_apple-inc_mentioned.txt,"BuzzFeed, Inc.",0001828972,2024-12-31,10-K,Apple Inc.,320193,AAPL,mentioned,mentioned:4,4,unknown,,$1.0 million; 1.0 million ,resources/filings_large_sample/0001828972-25-000073.txt,false
0001828972-25-000073.txt_mentions_meta-platforms-inc_mentioned.txt,"BuzzFeed, Inc.",0001828972,2024-12-31,10-K,"Meta Platforms, Inc.",1326801,META,mentioned,mentioned:4,2,unknown,,"$2,500 ",resources/filings_large_sample/0001828972-25-000073.txt,false
0001829864-23-000011.txt_mentions_meta-platforms-inc_mentioned.txt,"TaskUs, Inc.",0001829864,2022-12-31,10-K,"Meta Platforms, Inc.",1326801,META,mentioned,mentioned:1,1,unknown,largest,,resources/filings_large_sample/0001829864-23-000011.txt,false
0001835378-24-000010.txt_mentions_apple-inc_mentioned.txt,Innovid Corp.,0001835378,2023-12-31,10-K,Apple Inc.,320193,AAPL,mentioned,mentioned:4,4,unknown,,,resources/filings_large_sample/0001835378-24-000010.txt,false
0001835378-24-000010.txt_mentions_amazon-com-inc_mentioned.txt,Innovid Corp.,0001835378,2023-12-31,10-K,AMAZON COM INC,1018724,AMZN,mentioned,mentioned:4,4,unknown,,,resources/filings_large_sample/0001835378-24-000010.txt,false
0001835378-24-000010.txt_mentions_mobileye-global-inc_acquisition.txt,Innovid Corp.,0001835378,2023-12-31,10-K,Mobileye Global Inc.,1910139,MBLY,acquisition,acquisition:2,2,unknown,,$15.3B; $6.9B,resources/filings_large_sample/0001835378-24-000010.txt,false
0001835378-24-000010.txt_mentions_netflix-inc_mentioned.txt,Innovid Corp.,0001835378,2023-12-31,10-K,NETFLIX INC,1065280,NFLX,mentioned,mentioned:2,2,unknown,,,resources/filings_large_sample/0001835378-24-000010.txt,false
0001835378-24-000010.txt_mentions_intel-corp_acquisition.txt,Innovid Corp.,0001835378,2023-12-31,10-K,INTEL CORP,50863,INTC,acquisition,acquisition:1,1,unknown,,$15.3B; $6.9B,resources/filings_large_sample/0001835378-24-000010.txt,false
0001835378-24-000010.txt_mentions_tesla-inc_acquisition.txt,Innovid Corp.,0001835378,2023-12-31,10-K,"Tesla, Inc.",1318605,TSLA,acquisition,acquisition:1,1,unknown,,$15.3B; $6.9B,resources/filings_large_sample/0001835378-24-000010.txt,false
0001835378-24-000010.txt_mentions_nvidia-corp_acquisition.txt,Innovid Corp.,0001835378,2023-12-31,10-K,NVIDIA CORP,1045810,NVDA,acquisition,acquisition:1,1,unknown,,$15.3B; $6.9B,resources/filings_large_sample/0001835378-24-000010.txt,false
0001835378-24-000010.txt_mentions_meta-platforms-inc_partner.txt,Innovid Corp.,0001835378,2023-12-31,10-K,"Meta Platforms, Inc.",1326801,META,partner,partner:1,1,unknown,,,resources/filings_large_sample/0001835378-24-000010.txt,false
0001839839-24-000066.txt_mentions_ubs-ag_mentioned.txt,"Janus International Group, Inc.",0001839839,2023-12-30,10-K,UBS AG,1114446,HDLB,mentioned,mentioned:2,2,"unknown,signatures",,,resources/filings_large_sample/0001839839-24-000066.txt,false
0001839839-24-000066.txt_mentions_jefferies-financial-group-inc_partner.txt,"Janus International Group, Inc.",0001839839,2023-12-30,10-K,Jefferies Financial Group Inc.,96223,JEF,partner,partner:1,1,unknown,,,resources/filings_large_sample/0001839839-24-000066.txt,false
0001839839-24-000066.txt_mentions_msc-industrial-direct-co-inc_mentioned.txt,"Janus International Group, Inc.",0001839839,2023-12-30,10-K,MSC INDUSTRIAL DIRECT CO INC,1003078,MSM,mentioned,mentioned:1,1,unknown,,,resources/filings_large_sample/0001839839-24-000066.txt,false
0001839839-24-000066.txt_mentions_general-electric-co_mentioned.txt,"Janus International Group, Inc.",0001839839,2023-12-30,10-K,GENERAL ELECTRIC CO,40545,GE,mentioned,mentioned:1,1,unknown,,,resources/filings_large_sample/0001839839-24-000066.txt,false
0001839839-24-000066.txt_mentions_public-storage_mentioned.txt,"Janus International Group, Inc.",0001839839,2023-12-30,10-K,Public Storage,1393311,PSA-PG,mentioned,mentioned:1,1,unknown,largest,,resources/filings_large_sample/0001839839-24-000066.txt,false
0001839839-24-000066.txt_mentions_mirion-technologies-inc_mentioned.txt,"Janus International Group, Inc.",0001839839,2023-12-30,10-K,"Mirion Technologies, Inc.",1809987,MIR,mentioned,mentioned:1,1,unknown,,,resources/filings_large_sample/0001839839-24-000066.txt,false
0001839839-25-000032.txt_mentions_jefferies-financial-group-inc_partner.txt,"Janus International Group, Inc.",0001839839,2024-12-28,10-K,Jefferies Financial Group Inc.,96223,JEF,partner,partner:1,1,unknown,,,resources/filings_large_sample/0001839839-25-000032.txt,false
0001839839-25-000032.txt_mentions_ubs-ag_mentioned.txt,"Janus International Group, Inc.",0001839839,2024-12-28,10-K,UBS AG,1114446,HDLB,mentioned,mentioned:1,1,unknown,,,resources/filings_large_sample/0001839839-25-000032.txt,false
0001839839-25-000032.txt_mentions_msc-industrial-direct-co-inc_mentioned.txt,"Janus International Group, Inc.",0001839839,2024-12-28,10-K,MSC INDUSTRIAL DIRECT CO INC,1003078,MSM,mentioned,mentioned:1,1,unknown,,,resources/filings_large_sample/0001839839-25-000032.txt,false
0001839839-25-000032.txt_mentions_mirion-technologies-inc_mentioned.txt,"Janus International Group, Inc.",0001839839,2024-12-28,10-K,"Mirion Technologies, Inc.",1809987,MIR,mentioned,mentioned:1,1,unknown,,,resources/filings_large_sample/0001839839-25-000032.txt,false
0001839839-25-000032.txt_mentions_general-electric-co_mentioned.txt,"Janus International Group, Inc.",0001839839,2024-12-28,10-K,GENERAL ELECTRIC CO,40545,GE,mentioned,mentioned:1,1,unknown,,,resources/filings_large_sample/0001839839-25-000032.txt,false
0001839839-25-000032.txt_mentions_public-storage_mentioned.txt,"Janus International Group, Inc.",0001839839,2024-12-28,10-K,Public Storage,1393311,PSA-PG,mentioned,mentioned:1,1,unknown,largest,,resources/filings_large_sample/0001839839-25-000032.txt,false
0001842718-24-000013.txt_mentions_meta-platforms-inc_mentioned-investment.txt,INTEGRAL AD SCIENCE HOLDING CORP.,0001842718,2023-12-31,10-K,"Meta Platforms, Inc.",1326801,META,"mentioned,investment","mentioned:3,investment:2",5,unknown,,,resources/filings_large_sample/0001842718-24-000013.txt,false
0001842718-24-000013.txt_mentions_amazon-com-inc_partner-mentioned.txt,INTEGRAL AD SCIENCE HOLDING CORP.,0001842718,2023-12-31,10-K,AMAZON COM INC,1018724,AMZN,"partner,mentioned","partner:1,mentioned:4",5,unknown,major,280 billion ; 700 million ,resources/filings_large_sample/0001842718-24-000013.txt,false
0001842718-24-000013.txt_mentions_microsoft-corp_partner-mentioned.txt,INTEGRAL AD SCIENCE HOLDING CORP.,0001842718,2023-12-31,10-K,MICROSOFT CORP,789019,MSFT,"partner,mentioned","partner:1,mentioned:2",3,unknown,,,resources/filings_large_sample/0001842718-24-000013.txt,false
0001842718-24-000013.txt_mentions_spotify-technology-s-a_mentioned.txt,INTEGRAL AD SCIENCE HOLDING CORP.,0001842718,2023-12-31,10-K,Spotify Technology S.A.,1639920,SPOT,mentioned,mentioned:3,3,unknown,,,resources/filings_large_sample/0001842718-24-000013.txt,false
0001853145-24-000026.txt_mentions_qualcomm-inc-de_mentioned.txt,EverCommerce Inc.,0001853145,2023-12-31,10-K,QUALCOMM INC/DE,804328,QCOM,mentioned,mentioned:1,1,unknown,,,resources/filings_large_sample/0001853145-24-000026.txt,false
0001855747-23-000016.txt_mentions_amazon-com-inc_mentioned.txt,"Blend Labs, Inc.",0001855747,2022-12-31,10-K,AMAZON COM INC,1018724,AMZN,mentioned,mentioned:2,2,unknown,,,resources/filings_large_sample/0001855747-23-000016.txt,false
0001866757-25-000038.txt_mentions_amazon-com-inc_mentioned-partner.txt,"Brilliant Earth Group, Inc.",0001866757,2024-12-31,10-K,AMAZON COM INC,1018724,AMZN,"mentioned,partner","mentioned:2,partner:1",3,unknown,,,resources/filings_large_sample/0001866757-25-000038.txt,false
0001866757-25-000038.txt_mentions_meta-platforms-inc_mentioned.txt,"Brilliant Earth Group, Inc.",0001866757,2024-12-31,10-K,"Meta Platforms, Inc.",1326801,META,mentioned,mentioned:1,1,unknown,,,resources/filings_large_sample/0001866757-25-000038.txt,false
0001866757-25-000038.txt_mentions_microsoft-corp_mentioned.txt,"Brilliant Earth Group, Inc.",0001866757,2024-12-31,10-K,MICROSOFT CORP,789019,MSFT,mentioned,mentioned:1,1,unknown,,,resources/filings_large_sample/0001866757-25-000038.txt,false
0001874178-24-000014.txt_mentions_amazon-com-inc_mentioned-affiliate-customer.txt,"Rivian Automotive, Inc. / DE",0001874178,2023-12-31,10-K,AMAZON COM INC,1018724,AMZN,"mentioned,affiliate,customer","mentioned:12,affiliate:2,customer:2",16,"supply-chain,unknown,commitments","principal,significant,material",$343 million; $823 million; 343 million ; 823 million ; $490 million; $415 million; 490 million ; 415 million ; $60 million; 60 million ,resources/filings_large_sample/0001874178-24-000014.txt,false
0001874178-24-000014.txt_mentions_tesla-inc_customer-mentioned.txt,"Rivian Automotive, Inc. / DE",0001874178,2023-12-31,10-K,"Tesla, Inc.",1318605,TSLA,"customer,mentioned","customer:1,mentioned:2",3,unknown,,,resources/filings_large_sample/0001874178-24-000014.txt,false
0001874178-24-000014.txt_mentions_ford-motor-co_mentioned-affiliate.txt,"Rivian Automotive, Inc. / DE",0001874178,2023-12-31,10-K,FORD MOTOR CO,37996,F-PB,"mentioned,affiliate","mentioned:1,affiliate:1",2,unknown,principal,$490 million; $415 million; $400 million; 490 million ; 415 million ; 400 million ,resources/filings_large_sample/0001874178-24-000014.txt,false
0001888524-24-005178.txt_mentions_barclays-bank-plc_mentioned.txt,Morgan Stanley Bank of America Merrill Lynch Trust 2016-C30,0001681906,2023-12-31,10-K,BARCLAYS BANK PLC,312070,VXX,mentioned,mentioned:1,1,unknown,,,resources/filings_large_sample/0001888524-24-005178.txt,false
0001888524-25-005373.txt_mentions_ubs-ag_mentioned.txt,BANK 2019-BNK17,0001769961,2024-12-31,10-K,UBS AG,1114446,HDLB,mentioned,mentioned:1,1,unknown,,,resources/filings_large_sample/0001888524-25-005373.txt,false
0001888524-25-006099.txt_mentions_ubs-ag_mentioned.txt,BANK 2022-BNK41,0001920442,2024-12-31,10-K,UBS AG,1114446,HDLB,mentioned,mentioned:1,1,unknown,,,resources/filings_large_sample/0001888524-25-006099.txt,false
0001948056-23-000004.txt_mentions_kkr-co-inc_mentioned.txt,KKR Infrastructure Conglomerate LLC,0001948056,2022-12-31,10-K,KKR & Co. Inc.,1404912,KKR,mentioned,mentioned:1,1,unknown,,,resources/filings_large_sample/0001948056-23-000004.txt,false
0001948056-23-000004.txt_mentions_digital-realty-trust-inc_mentioned.txt,KKR Infrastructure Conglomerate LLC,0001948056,2022-12-31,10-K,"DIGITAL REALTY TRUST, INC.",1297996,DLR-PK,mentioned,mentioned:1,1,unknown,,,resources/filings_large_sample/0001948056-23-000004.txt,false
0001948056-23-000004.txt_mentions_trans-american-aquaculture-inc_mentioned.txt,KKR Infrastructure Conglomerate LLC,0001948056,2022-12-31,10-K,"Trans American Aquaculture, Inc",1990446,GRPS,mentioned,mentioned:1,1,unknown,,,resources/filings_large_sample/0001948056-23-000004.txt,false
0001948056-23-000004.txt_mentions_bunge-global-sa_mentioned.txt,KKR Infrastructure Conglomerate LLC,0001948056,2022-12-31,10-K,Bunge Global SA,1996862,BG,mentioned,mentioned:1,1,unknown,,,resources/filings_large_sample/0001948056-23-000004.txt,false
0001948056-23-000004.txt_mentions_goldman-sachs-group-inc_investment.txt,KKR Infrastructure Conglomerate LLC,0001948056,2022-12-31,10-K,GOLDMAN SACHS GROUP INC,886982,GS-PC,investment,investment:1,1,unknown,,,resources/filings_large_sample/0001948056-23-000004.txt,false
0001973476-24-000021.txt_mentions_morgan-stanley_affiliate-mentioned-investment.txt,North Haven Private Income Fund A LLC,0001973476,2023-12-31,10-K,MORGAN STANLEY,895421,MS-PQ,"affiliate,mentioned,investment","affiliate:3,mentioned:3,investment:1",7,"unknown,md-and-a",significant,,resources/filings_large_sample/0001973476-24-000021.txt,false
0001973476-24-000021.txt_mentions_sprott-focus-trust-inc_mentioned-investment.txt,North Haven Private Income Fund A LLC,0001973476,2023-12-31,10-K,SPROTT FOCUS TRUST INC.,825202,FUND,"mentioned,investment","mentioned:2,investment:1",3,unknown,,,resources/filings_large_sample/0001973476-24-000021.txt,false
0001973476-24-000021.txt_mentions_blue-owl-capital-corp_investment.txt,North Haven Private Income Fund A LLC,0001973476,2023-12-31,10-K,Blue Owl Capital Corp,1655888,OBDC,investment,investment:1,1,unknown,,,resources/filings_large_sample/0001973476-24-000021.txt,false
0001973476-24-000021.txt_mentions_state-street-corp_mentioned.txt,North Haven Private Income Fund A LLC,0001973476,2023-12-31,10-K,STATE STREET CORP,93751,STT-PG,mentioned,mentioned:1,1,unknown,,,resources/filings_large_sample/0001973476-24-000021.txt,false
0001982518-25-000007.txt_mentions_kb-home_mentioned.txt,Smith Douglas Homes Corp.,0001982518,2024-12-31,10-K,KB HOME,795266,KBH,mentioned,mentioned:2,2,unknown,,,resources/filings_large_sample/0001982518-25-000007.txt,false
0001982518-25-000007.txt_mentions_meritage-homes-corp_mentioned.txt,Smith Douglas Homes Corp.,0001982518,2024-12-31,10-K,Meritage Homes CORP,833079,MTH,mentioned,mentioned:1,1,unknown,,,resources/filings_large_sample/0001982518-25-000007.txt,false
0001996862-25-000008.txt_mentions_wilmar-international-ltd_mentioned-affiliate.txt,Bunge Global SA,0001996862,2024-12-31,10-K,Wilmar International Ltd,1449566,WLMIF,"mentioned,affiliate","mentioned:1,affiliate:1",2,unknown,,,resources/filings_large_sample/0001996862-25-000008.txt,false
0001996862-25-000008.txt_mentions_green-plains-inc_mentioned.txt,Bunge Global SA,0001996862,2024-12-31,10-K,Green Plains Inc.,1309402,GPRE,mentioned,mentioned:1,1,unknown,,,resources/filings_large_sample/0001996862-25-000008.txt,false
0001996862-25-000008.txt_mentions_nutrien-ltd_mentioned.txt,Bunge Global SA,0001996862,2024-12-31,10-K,Nutrien Ltd.,1725964,NTR,mentioned,mentioned:1,1,unknown,,,resources/filings_large_sample/0001996862-25-000008.txt,false
0001996862-25-000008.txt_mentions_archer-daniels-midland-co_mentioned.txt,Bunge Global SA,0001996862,2024-12-31,10-K,Archer-Daniels-Midland Co,7084,ADM,mentioned,mentioned:1,1,unknown,major,,resources/filings_large_sample/0001996862-25-000008.txt,false
0002007919-25-000019.txt_mentions_sanofi_affiliate.txt,"Inhibrx Biosciences, Inc.",0002007919,2024-12-31,10-K,Sanofi,1121404,SNYNF,affiliate,affiliate:3,3,unknown,,,resources/filings_large_sample/0002007919-25-000019.txt,false
0002007919-25-000019.txt_mentions_regeneron-pharmaceuticals-inc_mentioned.txt,"Inhibrx Biosciences, Inc.",0002007919,2024-12-31,10-K,"REGENERON PHARMACEUTICALS, INC.",872589,REGN,mentioned,mentioned:3,3,unknown,,$0.2 million; $0.1 million; 0.2 million ,resources/filings_large_sample/0002007919-25-000019.txt,false
0002007919-25-000019.txt_mentions_merck-co-inc_mentioned-affiliate.txt,"Inhibrx Biosciences, Inc.",0002007919,2024-12-31,10-K,"Merck & Co., Inc.",310158,MRK,"mentioned,affiliate","mentioned:2,affiliate:1",3,unknown,,,resources/filings_large_sample/0002007919-25-000019.txt,false
0002007919-25-000019.txt_mentions_novartis-ag_mentioned.txt,"Inhibrx Biosciences, Inc.",0002007919,2024-12-31,10-K,NOVARTIS AG,1114448,NVS,mentioned,mentioned:2,2,unknown,,,resources/filings_large_sample/0002007919-25-000019.txt,false
0002007919-25-000019.txt_mentions_astrazeneca-plc_mentioned.txt,"Inhibrx Biosciences, Inc.",0002007919,2024-12-31,10-K,ASTRAZENECA PLC,901832,AZN,mentioned,mentioned:1,1,unknown,,,resources/filings_large_sample/0002007919-25-000019.txt,false
